EssayID,Overall,Adherence to Prompt,Clarity of Thesis,Strength of Argument,Development,Organization,Coherence,Cohesion,Sentence Structure,Vocabulary,Technical Quality
CZUN1005,1.5,2.0,2.0,1.5,2.0,2.0,1.5,2.5,2.5,2.5,2.0
TSNO1434,2.0,2.5,2.5,2.0,2.5,3.0,2.0,2.0,2.0,2.5,2.5
NOUO1035,2.0,3.5,3.0,2.0,2.0,2.5,2.5,3.0,3.0,3.0,3.0
NOUO2015,2.5,3.5,3.0,2.0,3.0,3.0,3.0,2.5,3.0,3.0,3.5
TSNO1485,2.5,2.0,3.0,3.0,3.0,3.0,3.0,2.5,3.0,3.0,3.0
DBAN3033,2.5,2.0,3.0,2.5,2.5,2.5,2.5,3.0,2.5,3.0,3.0
FRUC3015,2.5,3.5,4.0,3.0,3.0,3.0,3.0,3.0,2.5,3.0,2.5
FRUC3085,2.5,2.5,3.0,2.5,2.5,2.5,2.5,2.5,2.5,2.5,2.5
BGSU1146,2.5,2.0,1.5,1.5,2.5,2.5,3.0,2.0,2.5,4.0,3.5
ITRS2036,2.5,3.0,3.0,2.5,3.0,2.5,3.0,2.5,3.5,3.0,3.0
BGSU1205,2.5,4.0,3.5,2.0,2.0,3.0,2.5,3.5,3.0,3.0,3.5
SWUL2009,2.5,2.5,3.0,2.0,2.5,3.0,3.0,2.0,2.5,3.0,3.5
ITRS1013,3.0,4.0,3.5,2.5,3.0,3.0,3.0,2.5,3.5,3.0,3.0
BGSU1001,3.0,4.0,4.0,3.0,3.0,2.5,3.5,2.5,3.0,3.0,3.5
SPM03007,3.0,4.0,4.0,3.0,3.0,3.0,3.0,2.5,3.0,3.0,2.5
BGSU1108,3.0,4.0,4.0,2.5,3.0,4.0,3.0,2.5,2.5,3.0,3.0
SWUL5017,3.0,4.0,4.0,3.0,3.0,3.0,3.0,3.0,3.5,3.0,3.0
SPM04033,3.0,3.0,3.0,2.0,3.0,3.0,3.0,3.5,3.5,3.0,3.0
ITRS2038,3.0,3.5,3.0,2.5,2.5,3.0,3.0,3.0,3.0,3.5,2.5
DBAN3063,3.0,3.0,3.0,2.5,2.5,2.5,3.0,3.0,3.0,3.0,3.0
RUMO8012,3.0,4.0,3.0,3.0,3.0,3.0,3.0,3.0,3.0,3.0,3.0
SWUL4029,3.0,3.5,4.0,3.0,3.0,2.5,3.0,3.5,4.0,3.5,3.5
BGSU1023,3.0,4.0,4.0,3.0,3.0,3.5,3.5,3.0,3.0,3.0,3.5
NOUO2025,3.5,3.5,3.5,3.0,3.0,3.0,3.0,2.5,3.5,3.5,3.5
FRUB2003,3.5,4.0,3.0,3.0,3.5,3.0,3.5,3.0,3.0,3.0,3.0
BGSU1078,3.5,4.0,4.0,3.5,4.0,2.5,4.0,2.5,3.5,3.5,3.5
DBAN2013,3.5,4.0,4.0,3.0,3.5,3.0,2.5,3.0,3.0,3.0,3.0
FIHE1014,3.5,3.0,3.5,3.0,3.0,3.0,3.5,3.0,3.5,3.0,3.0
FIJO1036,3.5,4.0,3.0,3.0,3.0,3.0,3.5,3.0,3.5,3.5,3.5
BGSU1011,3.5,3.0,4.0,3.0,3.0,3.0,3.5,3.5,3.0,4.0,3.5
FIHE2002,3.5,3.5,3.5,3.0,3.5,3.0,3.5,3.0,3.5,3.0,3.0
CZPR2016,1.0,3.0,2.0,1.0,2.5,1.0,1.5,2.0,2.0,2.0,2.0
SPM04030,2.0,3.0,1.5,2.5,2.5,2.0,2.0,3.0,2.5,2.5,2.5
SPM03012,2.5,3.5,3.0,2.5,2.5,2.0,2.5,3.0,3.0,2.5,3.0
TRME3010,2.5,3.5,4.0,2.5,3.0,3.0,3.0,3.0,2.5,3.0,2.5
FRUL1006,2.5,3.0,2.5,2.0,2.5,2.0,3.0,2.5,2.5,3.0,3.0
SPM05020,2.5,3.5,2.0,2.0,2.5,2.5,2.5,2.5,2.0,2.5,2.0
TRME3006,2.5,3.0,2.5,2.5,3.0,2.0,3.0,2.5,2.5,3.0,2.0
CNUK4023,3.0,4.0,3.0,3.0,3.5,3.0,3.5,3.0,3.0,3.0,3.0
NOOS1003,3.0,3.5,3.0,3.0,3.0,2.5,3.5,3.5,3.0,3.0,2.5
CNUK2006,3.0,3.0,3.5,3.0,3.0,3.5,3.5,2.5,3.0,3.0,3.0
TRCU1073,3.0,4.0,2.5,3.0,3.0,3.0,2.5,3.5,2.5,2.5,2.5
CNUK1144,3.0,4.0,3.0,3.0,3.0,3.5,3.5,3.5,2.5,3.0,3.0
CZPR3057,3.5,4.0,4.0,3.5,3.5,3.5,4.0,3.0,3.5,4.0,4.0
POPZ1006,3.5,4.0,3.5,3.0,3.5,4.0,3.5,3.0,3.5,3.0,3.5
CNUK1015,3.5,4.0,2.5,2.5,3.5,3.5,4.0,3.5,3.0,3.5,3.5
TSKC1292,1.5,3.5,3.5,1.5,2.0,2.5,1.5,1.5,1.5,2.0,1.5
TSNO1104,2.5,3.5,3.5,2.5,2.5,3.0,3.0,2.0,3.5,2.5,2.5
FRUB2018,2.5,4.0,2.5,3.0,3.0,2.5,3.0,3.0,3.0,3.0,3.5
RUMO9007,3.0,3.5,3.0,2.5,3.0,2.5,3.0,2.5,3.0,3.0,3.0
POPZ1009,3.0,4.0,4.0,3.0,3.0,3.0,3.0,2.5,3.0,4.0,3.5
SPM04002,3.0,4.0,3.0,2.5,3.0,2.0,3.0,3.0,3.5,3.5,3.5
TSKC1295,3.0,4.0,4.0,3.0,2.5,3.0,2.0,2.5,2.5,3.0,3.0
DBAN1004,3.0,4.0,3.0,3.0,4.0,3.0,4.0,3.0,3.0,3.5,4.0
DBAN2008,3.0,4.0,2.5,3.0,3.0,2.5,3.5,3.5,3.5,3.0,3.0
FRUL2018,3.5,3.0,3.0,3.0,3.0,3.0,2.5,3.0,3.5,3.0,3.0
FRUB1026,3.5,4.0,3.0,3.0,3.0,3.0,3.0,2.0,3.5,4.0,3.5
SPM03020,1.5,2.0,2.0,1.5,1.0,2.0,1.0,1.5,1.5,1.0,1.0
RUMO9014,2.5,3.5,3.0,2.5,3.0,2.0,2.5,3.0,3.0,3.5,3.0
CZPR3013,2.5,4.0,3.5,3.0,3.0,3.0,3.0,2.5,2.5,2.0,2.5
FIJY1030,2.5,3.0,2.5,2.5,2.5,2.5,3.0,3.0,3.0,3.0,4.0
TRCU1048,3.0,3.5,3.5,2.5,3.0,3.0,3.5,3.0,3.0,3.0,3.0
RUMO4010,3.0,4.0,3.5,2.5,2.5,2.0,2.5,2.5,3.0,3.0,3.0
FRUB2013,3.0,4.0,3.0,3.0,3.0,3.0,3.5,3.0,3.0,3.0,2.5
FIAB1009,3.0,3.5,4.0,3.0,3.0,3.0,3.0,3.0,3.0,3.0,3.0
RUMO4016,3.5,3.0,3.5,3.0,3.0,3.0,3.0,3.5,3.0,3.0,3.0
BGSU1211,1.5,2.0,2.0,2.5,2.0,1.0,2.0,2.5,2.5,3.0,3.5
NOHO1043,2.5,2.5,2.5,3.0,2.5,2.5,2.5,3.0,2.5,2.5,2.5
CZUN1009,3.0,3.5,2.5,3.0,3.0,3.0,3.0,2.5,3.0,3.0,2.5
BGSU1276,3.0,3.5,4.0,3.0,3.0,3.5,4.0,3.5,3.0,3.0,3.0
SPM04039,3.0,4.0,3.0,3.0,3.0,3.0,2.5,3.0,3.0,3.5,2.0
NOUO2010,3.5,3.5,4.0,3.5,3.0,3.0,4.0,3.0,3.5,3.5,3.0
DBAN2019,3.5,4.0,4.0,3.0,3.5,3.5,3.5,2.5,3.5,3.0,3.0
BGSU1194,3.5,4.0,3.5,3.0,3.5,3.5,4.0,4.0,3.5,4.0,3.0
FIJY1031,3.5,4.0,3.0,3.0,3.5,3.0,3.0,3.0,3.0,3.0,3.5
NOBU1004,1.5,2.5,2.5,2.0,2.5,2.5,2.0,2.5,2.5,3.0,2.0
FRUL2014,2.5,2.0,2.0,2.0,1.5,2.0,2.0,2.0,2.5,2.5,2.0
SPM05017,2.5,3.5,2.5,2.5,2.5,2.5,2.0,2.0,3.0,2.5,2.5
FRUC3077,2.5,4.0,2.0,2.5,3.0,3.5,3.5,3.5,3.0,4.0,3.5
NOHO1026,3.0,3.5,4.0,3.0,3.0,3.0,3.5,3.0,3.0,3.0,3.0
FRUL1027,3.0,3.0,3.0,3.0,3.0,3.0,3.0,3.0,3.0,3.5,3.0
NOUO2031,3.5,3.0,3.5,3.0,3.0,3.5,3.0,3.0,3.0,3.0,3.0
CZUN1006,2.0,3.0,2.0,2.0,2.5,1.5,2.5,2.0,2.0,2.5,3.5
RUMO5039,2.5,3.5,3.0,2.5,3.0,2.5,2.5,2.5,2.5,2.5,2.5
RUMO5032,2.5,4.0,4.0,2.5,3.0,3.0,3.0,2.0,2.5,2.5,2.0
FIJY1015,3.0,4.0,3.0,3.0,3.0,3.5,3.0,3.0,3.5,3.0,3.0
NOHO1038,3.0,4.0,3.0,3.0,3.0,3.0,3.0,3.0,3.0,3.0,3.0
RUMO5006,3.0,4.0,2.5,2.5,3.0,3.0,3.0,3.0,3.0,3.0,3.0
DBAN2055,3.5,3.5,4.0,3.5,3.5,3.0,3.5,3.5,2.5,3.5,3.5
CNUK1153,2.0,3.5,4.0,2.5,2.5,2.5,2.5,2.5,2.5,2.5,2.0
CNUK1099,2.0,2.5,3.5,2.0,2.5,2.5,2.5,2.5,2.5,2.5,2.5
CNUK1117,2.5,4.0,4.0,3.0,3.0,3.0,3.0,3.0,2.5,3.0,2.5
CNUK1132,3.0,4.0,3.0,3.0,3.0,3.0,3.0,3.0,3.0,3.0,2.5
CNUK1025,3.0,4.0,4.0,3.0,3.0,3.5,3.5,3.0,2.5,3.0,2.5
CNUK1110,3.5,4.0,4.0,3.0,3.5,4.0,4.0,3.5,3.0,4.0,3.0
BGSU1102,2.0,2.5,2.0,2.0,2.5,2.0,2.0,2.5,2.0,2.5,2.5
BGSU1018,2.5,3.0,2.0,2.0,2.5,2.5,3.0,2.5,3.0,3.0,3.0
BGSU1109,3.0,3.5,4.0,3.0,3.0,3.5,4.0,3.0,3.5,3.0,3.0
BGSU1002,3.0,4.0,4.0,3.0,3.5,3.0,3.5,3.5,3.0,3.0,3.5
BGSU1143,3.5,4.0,3.0,3.5,3.5,3.0,4.0,2.5,3.0,3.0,3.0
BGSU1234,3.5,4.0,4.0,3.5,3.0,3.0,3.5,3.5,4.0,4.0,3.0
NOUO1009,1.5,2.0,1.5,1.0,1.5,1.5,1.5,2.0,1.5,1.5,2.0
FIJY1008,2.0,2.5,2.0,2.0,2.5,2.0,3.0,2.5,2.0,2.5,3.0
NOHO1030,2.5,2.5,3.5,2.0,2.0,2.5,3.0,2.5,2.0,2.5,2.5
DBAN2029,3.0,4.0,4.0,3.0,3.0,3.0,3.5,2.5,3.0,2.5,3.0
CZPR3011,1.5,2.0,1.5,1.5,2.0,2.0,3.0,2.0,1.5,2.0,1.5
BGSU1107,2.0,2.0,2.0,2.0,2.0,2.5,3.0,2.0,4.0,4.0,4.0
BGSU1054,2.0,4.0,2.5,2.5,2.5,2.0,2.5,2.5,2.5,2.5,2.5
RUMO4002,2.5,2.0,2.5,2.5,3.0,3.0,3.0,3.0,3.0,3.5,3.0
NOUO1032,2.5,3.5,3.0,2.5,3.0,3.5,3.0,3.0,3.5,4.0,3.5
BGSU1013,2.5,2.0,3.5,2.0,3.0,2.5,3.0,3.0,2.5,3.0,3.0
SWUL1001,2.5,3.0,2.0,2.5,2.5,3.0,3.0,2.5,2.5,2.5,2.5
SPM03029,2.5,3.0,4.0,2.5,3.0,3.0,3.0,3.0,3.0,2.5,3.0
ITRS2026,2.5,3.5,2.0,2.0,2.0,2.0,2.5,2.5,3.0,2.5,3.0
BGSU1036,2.5,3.0,3.5,2.5,3.0,3.0,3.0,3.5,3.5,3.0,3.5
FRUL1007,2.5,2.5,3.0,2.5,2.5,3.0,3.0,3.0,3.5,3.0,3.0
DBAN3023,2.5,2.5,3.0,2.0,2.5,3.0,3.0,2.5,3.0,3.0,2.5
ITVE3002,3.0,3.0,3.0,3.0,2.5,3.0,3.0,3.0,3.5,3.0,3.5
ITRS2015,3.0,3.5,2.5,3.0,3.0,3.0,3.0,3.0,3.5,3.5,3.0
BGSU1021,3.0,4.0,4.0,3.0,3.0,3.5,3.5,3.5,3.5,4.0,3.0
ITRS2005,3.0,3.0,2.5,2.0,2.5,2.0,2.0,2.5,2.5,2.5,2.5
ITRS2019,3.0,3.5,3.5,3.0,3.0,3.0,3.0,2.5,3.0,3.5,3.0
SWUL4008,3.0,3.5,4.0,3.0,3.0,3.0,3.5,3.0,3.0,3.0,3.5
FRUL1024,3.0,4.0,4.0,2.5,3.0,3.0,3.0,3.0,3.0,3.0,3.0
RUMO3008,3.0,3.0,3.0,3.0,2.5,2.5,3.0,2.5,3.5,3.5,3.0
SPM03019,3.0,3.5,3.5,3.0,2.5,3.0,3.0,2.5,3.0,2.5,2.5
RUMO2004,3.0,3.0,3.0,2.5,3.0,3.0,3.0,3.0,3.0,3.0,3.0
RUMO4014,3.0,4.0,3.0,2.5,3.0,3.0,3.5,3.0,3.5,3.5,3.5
DBAN3048,3.5,3.0,3.5,3.0,3.0,3.0,3.0,3.0,3.5,3.0,3.5
BGSU1239,3.5,4.0,3.5,2.0,2.5,2.5,3.0,3.0,3.5,3.0,3.0
FRUC3003,3.5,3.5,4.0,3.0,3.5,3.0,3.5,3.0,3.0,3.5,3.0
FIJO1037,3.5,4.0,4.0,3.5,3.5,3.0,3.5,3.0,3.0,3.0,3.0
BGSU1034,3.5,4.0,4.0,3.0,3.0,3.0,3.0,3.0,2.5,3.0,3.0
NOOS1021,3.5,3.0,3.0,3.0,3.5,3.0,3.0,3.5,3.5,3.5,3.5
FRUC3009,3.5,4.0,4.0,3.0,3.5,3.5,4.0,3.0,3.5,4.0,4.0
SWUL3006,4.0,4.0,4.0,3.5,3.5,3.0,3.5,3.0,3.5,4.0,4.0
TRCU1058,1.5,2.0,2.0,2.0,2.5,3.0,2.0,2.0,2.0,2.0,2.0
RUMO5044,2.0,4.0,3.5,2.5,2.0,2.0,2.5,2.0,2.5,2.5,2.5
TRME3003,2.5,3.0,2.5,2.5,3.0,2.5,2.5,2.5,3.0,2.5,2.5
TSNO1435,2.5,2.5,3.0,2.5,2.5,3.0,2.5,2.5,2.5,3.0,2.0
SPM04022,2.5,4.0,4.0,2.5,3.0,3.0,3.0,3.0,3.0,2.5,2.5
RUMO2020,2.5,2.0,2.0,2.0,3.0,2.5,3.0,2.5,3.0,2.5,3.0
CNUK1052,2.5,2.5,2.5,2.5,3.0,3.0,3.0,2.5,3.0,3.0,2.5
NOHO1002,3.0,4.0,3.5,3.0,3.0,3.0,3.0,3.0,3.5,3.0,3.5
NOHO1001,3.0,4.0,3.0,3.0,3.0,2.5,3.0,2.5,3.0,3.0,3.0
TRCU1065,3.0,3.0,2.5,2.5,2.5,2.5,3.0,2.5,2.5,2.0,3.0
TRME3020,3.0,3.0,3.0,3.0,3.0,3.0,3.0,2.5,2.5,3.0,2.5
POPZ1020,3.0,4.0,2.5,3.0,2.5,2.5,4.0,3.0,3.5,3.0,3.5
TRCU1129,3.5,3.5,3.5,3.5,3.5,3.5,4.0,3.5,3.0,3.5,3.5
DBAN3065,3.5,4.0,3.0,3.0,3.0,3.0,3.0,3.0,3.5,3.0,3.5
CNUK4012,3.5,3.5,3.5,3.0,3.0,3.0,3.5,3.0,3.0,3.0,3.0
TSNO1039,1.5,3.5,3.5,1.5,1.0,1.0,2.5,1.5,1.5,2.5,2.0
SPM01009,2.5,3.0,3.0,2.5,2.5,3.0,3.0,3.0,2.5,3.0,2.5
FRUC3053,2.5,2.0,3.0,3.0,3.0,2.5,3.0,2.5,3.0,3.0,3.0
ITRS2012,3.0,4.0,3.5,3.0,3.0,3.0,3.5,3.5,3.5,3.0,3.5
SPM02015,3.0,2.5,2.5,2.0,2.0,2.0,3.0,2.5,2.0,3.0,3.0
TSNO1157,3.0,3.5,4.0,3.0,2.5,3.0,3.5,3.0,3.0,3.0,3.5
FRUL1030,3.0,4.0,3.5,2.5,2.5,3.0,3.0,2.5,3.0,3.5,3.0
TSNO1011,3.0,4.0,3.0,3.0,3.0,3.0,3.0,2.5,3.0,2.5,2.5
TSNO1166,3.0,4.0,3.5,3.0,3.0,3.0,3.0,2.5,3.0,3.0,2.5
ITRS2033,3.5,3.5,2.0,2.5,2.5,3.0,2.0,2.5,3.0,3.0,3.0
DBAN3027,3.5,3.5,3.5,2.5,2.5,3.5,3.5,2.5,3.0,3.0,3.5
FIJY1058,2.0,2.5,2.5,2.0,2.5,3.0,3.0,3.0,3.0,3.0,3.0
TRCU1146,2.5,3.0,3.0,2.0,2.5,3.0,2.0,3.0,2.0,2.5,2.0
RUMO5019,2.5,4.0,3.0,2.5,2.5,3.0,3.0,3.0,3.0,3.0,3.5
CZPR3027,2.5,3.5,3.5,2.5,2.5,3.0,3.0,2.5,2.5,3.0,2.5
FIJO1034,3.0,3.0,3.5,2.5,3.0,3.0,3.0,3.0,3.5,3.5,3.0
CZUN1028,3.0,3.0,2.5,2.5,2.5,3.0,3.0,3.0,3.0,3.0,3.0
FIAB1007,3.0,4.0,3.0,3.0,3.0,3.5,3.5,2.5,3.0,3.0,3.0
CZPR2027,3.0,3.5,3.0,2.5,2.5,2.0,3.0,2.5,2.0,3.0,2.5
TRCU1118,3.5,4.0,4.0,3.5,3.5,3.5,4.0,3.5,2.5,3.0,3.5
BGSU1053,2.0,2.5,3.5,2.0,3.0,3.0,3.0,3.0,3.0,3.0,3.0
BGSU1261,2.5,3.5,2.0,2.0,3.0,2.5,3.0,2.5,2.5,3.0,2.5
NOUO2017,3.0,4.0,3.5,3.0,3.0,2.5,2.5,2.5,2.5,3.0,3.0
NOOS1014,3.0,3.0,3.0,3.0,3.0,3.5,3.0,3.0,2.5,2.5,2.5
FRUL1005,3.0,3.5,4.0,3.0,3.0,3.0,3.0,3.0,3.0,3.0,3.0
DBAN1026,3.5,4.0,4.0,3.5,4.0,4.0,3.5,3.5,3.0,3.0,3.0
FRUL1019,3.5,4.0,4.0,3.5,3.0,3.0,3.0,3.5,3.5,4.0,3.5
FRUC3080,3.5,4.0,4.0,3.0,3.0,3.0,3.0,3.0,3.5,3.0,3.0
DBAN1029,3.5,4.0,4.0,3.5,3.5,3.0,3.0,3.0,3.0,4.0,3.0
TSNO1488,1.5,3.5,3.0,1.5,2.5,2.0,1.5,2.5,2.0,1.5,2.0
SWUL6004,2.5,2.5,3.5,2.5,2.5,2.5,3.0,2.5,3.0,2.5,3.0
FRUB1010,2.5,4.0,2.5,2.5,2.5,3.0,2.5,3.0,2.5,2.5,2.5
RUMO7023,2.5,2.0,2.5,2.0,2.5,2.0,2.5,2.0,2.5,3.0,2.5
FRUB2028,3.0,4.0,3.0,3.0,3.0,2.0,3.0,3.0,3.5,2.5,3.0
CZPR3009,3.0,3.5,3.5,3.0,3.5,3.5,3.5,2.5,3.0,3.0,3.0
RUMO8004,3.5,3.5,4.0,3.0,3.5,3.0,3.0,3.0,3.5,3.5,3.0
SPM04016,2.0,4.0,3.5,2.5,2.0,2.5,2.0,2.0,3.0,2.5,2.0
FRUC3095,2.5,4.0,4.0,2.5,2.5,2.0,3.5,2.5,3.0,3.5,3.0
SPM03013,2.5,4.0,2.0,2.0,2.0,2.5,3.0,2.5,2.5,2.5,2.0
DBAN1003,3.0,4.0,3.5,3.0,3.0,3.0,3.0,3.0,3.0,3.0,3.0
DBAN3044,3.0,3.0,2.0,3.0,3.0,3.0,3.0,3.0,2.5,3.0,3.0
NOUO2022,3.0,4.0,3.5,3.0,3.0,3.0,3.5,3.0,3.0,3.0,3.5
POPZ5006,3.5,3.5,4.0,3.0,3.5,3.0,3.0,3.5,3.0,3.5,3.0
CNUK1173,2.0,2.5,3.5,2.5,2.0,3.0,2.5,2.0,2.0,2.0,2.0
CNUK4029,2.5,4.0,4.0,2.5,3.0,3.0,3.0,3.0,3.0,3.0,3.0
CNUK1080,2.5,4.0,3.5,2.5,3.0,3.0,2.0,3.0,2.0,2.5,2.0
CNUK1148,3.0,3.5,4.0,2.5,3.0,2.5,2.5,2.5,2.5,2.0,2.0
CNUK1084,3.0,4.0,4.0,2.5,3.0,3.0,3.5,3.5,3.0,3.0,3.0
CNUK1142,3.5,3.5,4.0,3.0,3.0,3.5,3.0,3.0,3.0,3.0,2.5
BGSU1095,2.5,2.0,2.0,2.0,2.0,2.5,3.0,3.0,3.0,3.0,3.0
BGSU1063,3.0,4.0,3.5,3.0,3.0,3.0,3.5,2.5,4.0,3.5,3.5
BGSU1050,3.0,3.0,2.0,3.0,2.5,3.0,3.0,2.5,3.0,3.0,3.0
BGSU1008,3.0,3.0,3.0,2.5,2.5,3.0,3.0,3.0,3.0,3.5,2.5
BGSU1118,3.5,4.0,3.5,3.5,3.5,3.0,3.5,3.0,4.0,4.0,3.5
BGSU1037,3.5,4.0,4.0,3.5,3.5,3.5,3.5,3.0,3.5,3.0,3.5
NOUO2013,1.5,2.0,2.5,1.5,1.0,2.0,2.0,3.0,2.0,2.5,3.0
CNUK2002,2.5,2.0,2.5,2.5,3.0,3.0,3.0,3.5,3.0,2.5,2.0
FIJY1077,2.5,2.5,3.5,2.0,2.5,2.0,3.0,2.5,2.5,2.5,3.0
NOUO2021,3.0,4.0,2.5,3.0,3.0,3.0,3.0,3.0,3.0,3.5,3.5
CZPR2039,1.5,1.5,2.0,1.0,1.5,1.0,2.0,2.5,2.0,2.0,2.0
SWUL4004,2.0,2.0,2.5,2.0,2.5,2.0,2.0,2.5,2.5,2.5,2.5
SPM05015,2.5,3.0,3.0,2.0,3.0,2.0,2.5,2.0,3.0,3.0,2.0
FRUL1012,2.5,3.5,3.5,2.5,3.0,2.5,3.0,2.5,3.5,3.0,3.0
RUMO6001,2.5,2.5,3.0,2.5,2.5,2.5,3.0,2.5,3.5,3.0,2.5
CZKR1001,2.5,2.5,3.0,2.5,3.0,2.0,2.5,2.0,2.0,2.5,3.0
BGSU1042,2.5,2.5,2.5,2.5,3.0,3.0,2.5,3.0,2.5,3.0,3.0
FRUC3012,2.5,3.0,3.0,2.5,2.5,3.0,3.0,2.5,3.0,3.0,3.5
FRUC3028,2.5,4.0,3.5,2.5,3.0,2.5,3.5,3.0,4.0,4.0,4.0
BGSU1130,2.5,3.5,3.5,3.0,2.5,2.0,3.0,2.0,3.0,3.0,3.0
CZPR3061,2.5,3.0,3.0,2.0,2.0,2.5,3.0,2.0,2.5,3.0,2.5
FRUC3056,2.5,4.0,3.0,2.0,2.5,2.0,3.0,3.0,3.0,3.0,3.0
RUMO2005,3.0,3.0,3.0,3.0,3.0,3.0,3.0,2.5,3.5,3.0,3.0
ITRS2031,3.0,3.5,3.0,3.0,3.0,3.0,3.0,2.5,3.5,4.0,3.0
FRUC3014,3.0,4.0,3.0,3.0,3.0,2.5,3.5,3.0,3.0,3.5,3.5
CZPR2029,3.0,3.0,3.0,2.5,3.0,2.0,3.0,2.5,3.0,3.0,3.0
BGSU1007,3.0,3.5,3.0,2.5,3.0,2.0,3.0,3.0,3.0,3.5,3.5
SPM03047,3.0,4.0,3.5,3.0,3.0,3.5,3.5,3.0,3.0,3.0,3.5
FIJY1010,3.0,3.0,3.5,3.0,3.0,3.0,3.0,2.5,3.5,3.0,3.5
CZPR2025,3.0,3.0,3.5,2.5,2.0,2.0,3.0,2.5,2.5,2.5,3.0
BGSU1082,3.0,3.5,3.5,3.0,2.5,3.0,3.0,4.0,3.0,3.0,3.5
BGSU1005,3.0,3.5,3.0,2.5,3.0,3.0,3.0,3.0,3.0,4.0,3.5
BGSU1065,3.0,3.0,3.0,2.5,2.5,3.0,3.0,3.0,3.0,3.5,3.0
SPM03026,3.5,4.0,4.0,3.5,3.5,2.5,3.5,3.0,3.5,3.5,3.0
SWUL4032,3.5,4.0,4.0,3.5,3.5,3.5,4.0,3.0,3.0,3.0,3.0
RUMO5042,3.5,3.0,3.0,3.0,3.0,3.0,3.0,3.0,3.0,3.5,3.5
NOHO1046,3.5,3.5,3.5,3.0,3.0,3.5,3.5,3.0,3.0,3.0,3.0
ITRS1015,3.5,3.0,3.5,3.0,3.5,3.0,2.5,2.5,4.0,3.5,3.5
BGSU1213,3.5,3.5,4.0,2.5,3.0,3.0,3.0,3.0,3.5,3.5,3.5
DBAN3004,3.5,4.0,4.0,3.0,3.5,3.0,3.5,3.5,3.0,3.5,3.0
FIAB3004,4.0,4.0,4.0,3.0,4.0,3.0,3.0,2.5,3.5,3.0,3.5
SPM10007,2.0,3.0,3.0,2.5,2.0,2.0,2.5,3.0,2.5,2.5,2.5
SPM07005,2.0,3.5,2.0,2.5,2.5,2.0,2.0,2.0,3.0,3.0,2.5
TSNO1461,2.5,3.0,3.0,2.5,3.0,2.5,2.5,2.5,2.5,2.5,2.5
TSNO1442,2.5,2.5,3.5,3.0,3.0,2.5,3.0,2.5,2.5,3.0,2.5
CNUK2020,2.5,3.0,3.5,2.5,2.5,2.5,2.5,3.0,2.5,2.5,2.5
TSNO1462,2.5,2.5,2.5,2.5,2.0,2.5,2.5,2.0,2.5,2.5,2.5
DBAN1016,2.5,3.0,2.0,3.0,2.5,2.0,3.0,3.0,3.5,2.5,3.0
NOUO1058,3.0,2.5,3.0,2.5,2.5,3.5,3.0,3.5,3.5,3.0,3.0
FRUB2024,3.0,3.5,3.5,3.0,3.0,3.0,3.0,3.0,3.0,2.5,3.0
RUMO3004,3.0,3.5,3.5,2.5,3.0,3.5,3.5,3.0,3.5,3.0,3.5
RUMO5046,3.0,3.0,3.5,2.5,2.5,2.5,3.0,3.5,3.5,3.0,3.0
NOAC1010,3.0,3.0,3.0,3.0,2.5,3.0,3.0,2.5,3.0,3.0,3.0
FRUL1016,3.5,3.5,4.0,3.0,3.0,3.0,3.0,3.0,3.5,3.0,3.0
NOBE1027,3.5,4.0,4.0,3.5,3.5,4.0,4.0,3.0,4.0,4.0,4.0
SPM04001,3.5,4.0,4.0,3.5,3.0,3.0,4.0,3.0,3.0,3.5,3.5
TSNO1012,2.0,2.5,2.0,2.0,2.5,2.5,2.5,2.0,2.5,2.0,2.0
TSNO1308,2.5,2.5,3.0,2.5,2.5,2.5,3.5,2.5,3.0,2.5,3.0
TSNO1515,2.5,4.0,3.5,3.0,2.5,3.0,3.0,2.5,3.0,2.5,2.5
CZPR3048,3.0,3.5,3.5,2.5,2.5,3.0,3.0,2.0,3.0,3.5,3.0
RUMO3001,3.0,4.0,4.0,2.5,2.5,3.0,3.5,3.0,3.5,4.0,3.5
TSNO1050,3.0,3.5,2.5,2.5,3.0,2.0,2.5,2.5,3.0,3.0,2.5
RUMO4003,3.0,3.5,3.5,3.0,3.5,3.0,3.5,2.5,3.0,3.5,3.5
TSNO1397,3.0,4.0,4.0,3.5,3.5,2.5,3.5,3.0,2.5,2.5,2.5
DBAN2039,3.5,4.0,3.0,3.0,3.0,3.0,3.5,3.5,3.0,4.0,4.0
FRUB2007,3.5,4.0,4.0,3.5,3.5,3.0,3.0,3.0,3.0,3.0,3.0
NOUO1040,3.5,3.0,4.0,3.5,3.5,3.5,4.0,3.0,3.5,3.0,3.0
SPM02002,2.0,3.5,2.5,2.0,2.5,2.0,2.5,3.0,2.5,2.0,2.5
FIJY1027,2.5,2.0,4.0,2.0,2.0,3.0,3.0,3.0,3.0,3.0,3.0
SPM04048,2.5,4.0,4.0,2.0,2.5,2.5,3.0,2.5,2.5,3.0,2.5
SPM03003,2.5,4.0,4.0,3.0,2.5,3.0,3.0,2.5,2.0,3.0,2.0
TRCU1136,3.0,3.5,4.0,3.0,3.0,2.5,3.5,3.0,3.0,3.5,3.0
RUMO3013,3.0,4.0,3.5,2.5,3.0,3.0,3.0,3.0,3.0,3.5,3.0
TRCU1109,3.0,3.5,4.0,3.0,3.0,3.0,3.0,3.0,3.0,3.0,3.0
FIJY1047,3.0,3.0,3.0,2.5,3.0,3.0,3.0,3.0,3.0,3.0,3.0
FIJY1063,3.5,3.5,3.5,3.5,3.5,3.5,4.0,3.0,4.0,4.0,4.0
BGSU1281,2.0,2.0,2.0,2.0,2.0,2.0,2.5,2.5,2.5,2.5,2.5
SPM03028,2.5,4.0,3.0,3.0,2.5,3.0,3.0,2.5,2.5,3.0,2.5
BGSU1255,3.0,3.0,3.5,3.0,3.0,2.5,2.5,3.0,3.0,3.0,3.0
NOHE1007,3.0,4.0,3.5,3.0,3.0,3.0,3.5,3.0,3.0,3.0,3.0
FRUB1012,3.0,3.0,3.0,3.0,3.0,2.5,3.0,3.0,3.0,3.0,3.0
FIJY1013,3.5,4.0,4.0,3.5,3.5,2.5,3.5,2.5,3.0,3.0,3.0
NOUO1055,3.5,4.0,3.0,3.5,4.0,3.0,4.0,3.0,3.5,3.0,3.5
BGSU1228,3.5,4.0,4.0,3.5,3.5,3.0,3.5,3.0,3.0,3.5,3.0
CZPR2001,1.5,2.0,2.5,1.0,1.0,1.0,2.5,2.5,2.0,2.5,2.5
TSNO1425,2.5,2.5,3.0,2.0,2.5,3.0,2.0,3.5,3.0,3.0,2.5
NOHO1024,2.5,2.5,2.0,3.0,2.5,2.0,3.0,3.0,3.0,3.0,3.0
FRUL1034,2.5,4.0,3.0,2.5,3.0,2.5,3.0,2.5,2.5,3.0,3.0
RUMO5002,3.0,4.0,3.5,2.5,3.0,2.5,2.0,3.0,3.0,3.0,3.0
FRUB1008,3.0,3.5,3.0,3.0,3.5,2.5,3.0,2.5,3.0,3.5,4.0
FIJY1075,3.5,3.0,3.5,3.0,3.0,3.0,3.0,3.0,3.0,3.0,3.0
RUMO3006,2.0,3.0,2.0,2.0,2.5,2.5,3.0,3.0,2.5,3.0,3.5
FIJY1071,2.5,4.0,2.5,2.5,3.0,3.0,3.0,2.5,3.0,3.0,3.0
FIJY1074,3.0,4.0,3.0,3.0,2.5,3.0,3.0,3.0,3.5,3.5,3.5
DBAN3056,3.0,3.0,3.0,2.5,3.0,3.0,3.5,3.0,3.5,3.5,3.0
FIJY1057,3.0,4.0,4.0,3.0,3.0,3.0,3.0,3.0,3.0,3.0,3.0
ITRS2006,3.5,4.0,4.0,3.5,3.0,3.0,3.5,3.0,3.5,3.5,3.5
CNUK1098,2.0,2.0,2.5,2.5,3.0,3.0,3.5,3.0,2.5,2.5,2.5
CNUK4036,2.5,2.5,3.0,2.0,2.5,2.5,2.0,2.5,2.5,2.5,2.0
CNUK1101,2.5,3.5,3.5,2.5,2.5,3.0,2.5,2.0,1.5,2.5,2.0
CNUK4024,3.0,3.5,3.5,2.5,3.0,3.0,3.5,2.5,3.0,3.0,3.0
CNUK1116,3.0,3.5,4.0,3.0,3.0,2.5,3.0,3.0,3.0,2.5,2.5
CNUK4019,3.5,4.0,3.0,2.5,4.0,3.5,3.5,3.5,4.0,3.5,3.5
BGSU1122,2.5,3.5,4.0,3.0,3.0,2.0,3.5,3.0,2.5,2.5,3.0
BGSU1098,3.0,4.0,4.0,3.0,3.0,3.0,3.5,2.5,3.0,4.0,3.5
BGSU1127,3.0,4.0,3.5,3.0,3.5,3.5,3.5,3.0,3.5,3.0,3.0
BGSU1125,3.0,2.5,3.0,2.5,3.0,3.5,3.0,3.0,3.0,3.5,3.0
BGSU1012,3.5,4.0,4.0,4.0,3.0,3.0,3.5,3.0,3.0,4.0,3.5
BGSU1085,3.5,2.5,3.0,3.0,3.5,3.5,3.0,3.0,3.0,3.5,3.5
RUMO4011,1.5,1.0,1.5,1.5,1.5,1.0,2.0,1.5,2.0,2.0,3.0
NOOS1038,2.5,4.0,3.0,2.5,3.0,3.0,3.5,2.5,2.5,2.5,3.0
NOAC1023,2.5,4.0,3.0,2.5,3.0,3.0,3.0,2.5,2.5,2.5,3.0
ITRS1041,3.0,2.0,2.0,2.0,3.0,2.5,2.5,2.5,3.0,2.5,3.5
CZPR2051,2.0,2.0,2.0,2.0,3.0,2.0,3.0,2.5,2.5,2.5,2.5
RUMO8005,2.0,3.0,3.5,2.5,2.0,2.0,2.5,2.5,3.0,3.0,2.5
TSNO1496,2.5,4.0,3.0,3.0,3.0,2.5,3.0,2.0,2.5,2.0,2.0
CZPR3018,2.5,2.5,3.0,2.0,2.0,2.0,2.0,2.5,2.5,2.5,2.5
BGSU1188,2.5,2.5,3.0,2.0,2.0,2.5,3.0,1.5,3.0,3.0,3.0
BGSU1144,2.5,3.0,3.0,2.0,2.5,2.5,2.5,2.5,3.0,3.0,3.0
BGSU1015,2.5,3.0,2.5,2.5,3.0,2.5,3.5,2.5,2.5,3.0,3.5
DBAN2016,2.5,3.0,3.5,2.5,3.0,3.0,3.0,3.0,2.5,2.5,2.5
SWUL1003,2.5,2.5,2.5,2.5,2.5,3.0,3.0,2.5,3.0,3.0,2.5
FIJY1078,2.5,3.0,3.5,2.5,3.0,2.5,3.0,2.5,2.5,3.0,3.0
NOHO1045,2.5,4.0,3.0,2.5,3.0,2.5,3.0,3.0,2.5,3.0,3.0
BGSU1142,2.5,3.0,3.5,2.5,2.0,2.0,2.5,2.5,2.5,3.0,3.0
TSNO1426,3.0,4.0,4.0,3.0,3.0,3.0,3.0,3.0,2.5,2.5,2.5
BGSU1208,3.0,3.0,3.5,2.5,3.0,2.5,3.0,3.0,3.0,4.0,2.5
SWUL3013,3.0,4.0,3.0,3.0,3.0,3.0,3.5,3.0,3.0,3.5,3.0
FIJY1035,3.0,3.0,3.5,2.5,3.0,3.0,3.0,2.5,3.0,3.0,3.0
NOUO1018,3.0,4.0,3.5,2.5,3.0,2.5,3.5,3.5,3.5,3.0,3.0
FIAB3003,3.0,3.0,3.0,3.0,3.0,3.0,3.0,3.0,3.0,3.0,2.5
RUMO5045,3.0,4.0,3.5,2.5,3.0,2.0,3.0,2.5,3.0,3.0,3.0
SPM03002,3.0,3.5,3.0,3.0,3.5,3.0,4.0,2.0,2.5,3.0,3.0
NOOS1015,3.0,4.0,4.0,2.5,3.0,3.5,3.0,2.5,3.0,3.0,3.0
BGSU1049,3.0,4.0,3.5,3.0,3.0,3.0,2.5,2.5,3.0,3.0,3.0
CZPR4013,3.0,3.5,3.0,2.0,2.5,3.0,3.5,2.0,2.5,3.0,3.0
RUMO5008,3.5,4.0,3.5,3.5,3.5,2.5,3.5,3.0,3.0,3.5,3.5
DBAN2033,3.5,4.0,4.0,4.0,3.5,3.0,3.0,2.5,3.0,3.5,3.5
FIHE1003,3.5,3.0,3.5,3.0,3.0,3.0,3.0,3.0,3.0,4.0,3.0
FIHE1013,3.5,3.5,3.5,3.0,3.0,3.5,3.5,3.0,3.0,3.0,3.0
DBAN3073,3.5,4.0,4.0,3.5,4.0,4.0,4.0,3.0,3.0,3.0,3.5
ITVE3001,3.5,4.0,4.0,3.5,3.5,3.5,3.5,3.5,4.0,3.5,3.5
BGSU1089,3.5,4.0,4.0,3.5,3.5,3.5,4.0,3.0,3.0,4.0,4.0
FIJY1056,4.0,3.0,4.0,3.5,3.5,3.0,4.0,4.0,4.0,3.5,4.0
CNUK2034,2.0,3.5,3.5,2.0,2.0,3.0,2.5,2.5,2.5,2.0,1.5
TRCU1123,2.5,3.0,4.0,3.0,3.0,3.0,2.5,3.0,2.5,2.5,2.0
ITRS2021,2.5,3.0,3.0,2.5,2.5,2.5,3.0,2.0,3.5,3.0,3.0
NOHO1011,2.5,4.0,3.0,2.5,3.0,3.0,3.5,2.5,3.5,3.0,3.0
FIJY1050,2.5,3.0,3.0,2.5,2.5,2.5,3.0,3.0,3.0,3.0,3.0
TSNO1457,2.5,4.0,3.0,2.5,2.5,3.0,3.0,2.5,2.5,2.5,2.5
TRME3024,2.5,3.0,4.0,2.0,2.5,2.5,3.0,2.5,3.0,3.0,2.5
CNUK4009,3.0,3.0,2.5,3.0,3.0,3.0,3.0,3.0,3.0,3.0,3.0
DBAN2032,3.0,3.5,3.0,3.0,3.0,2.5,3.5,3.0,3.0,3.0,3.0
NOHO1019,3.0,4.0,4.0,3.0,3.0,3.5,3.0,3.0,3.0,3.0,3.0
NOUO1074,3.0,3.0,2.5,2.5,2.5,3.0,3.0,3.0,3.0,3.5,3.0
NOUO1097,3.0,3.5,3.0,3.0,3.0,3.0,3.0,4.0,4.0,4.0,4.0
TRME3002,3.5,4.0,4.0,3.5,3.0,3.5,4.0,3.5,3.0,3.5,3.5
TRCU1064,3.5,4.0,4.0,3.0,3.0,3.5,3.5,3.0,3.0,2.5,3.0
NOHO1018,3.5,4.0,3.0,3.0,3.0,3.5,3.5,3.5,3.5,3.0,3.5
TSNO1303,2.0,3.0,3.0,2.5,2.0,2.5,2.0,2.0,2.0,2.0,1.5
TSNO1135,2.5,3.5,3.0,2.5,2.5,3.0,2.5,2.5,2.5,3.0,2.5
NOUO2035,2.5,2.5,3.0,3.0,3.0,3.0,3.0,3.0,3.0,3.0,2.5
TSNO1009,3.0,4.0,4.0,3.0,3.0,3.5,3.0,3.0,3.0,3.0,2.5
SWUL6005,3.0,3.0,4.0,3.0,3.0,3.0,3.0,2.5,3.0,3.0,3.0
NOBE1008,3.0,4.0,3.0,2.5,3.5,3.0,3.5,3.5,3.0,3.5,3.5
NOAC1016,3.0,4.0,3.0,3.5,3.0,3.0,3.0,3.0,3.0,3.0,3.0
FRUC3086,3.0,4.0,3.0,2.5,3.0,3.0,3.0,3.0,3.0,3.0,3.5
SPM03035,3.5,3.5,3.5,2.0,3.0,3.5,4.0,3.0,4.0,3.5,3.0
RUMO7036,3.5,4.0,3.5,3.5,3.0,3.0,3.5,3.0,3.0,3.0,3.0
DBAN2018,3.5,3.5,3.0,3.0,3.0,3.0,3.0,3.5,3.0,3.0,3.0
TRCU1040,2.0,2.0,2.5,2.5,2.5,2.0,2.0,2.0,2.5,2.5,2.5
SPM03014,2.5,3.5,4.0,3.0,3.0,3.0,3.0,2.5,3.0,2.5,2.5
RUMO8008,2.5,3.5,3.0,2.0,2.5,2.0,3.0,2.5,3.0,3.0,2.5
FRUB1005,2.5,4.0,3.0,2.5,2.5,2.0,3.5,2.5,2.5,3.0,3.0
DBAN2020,3.0,3.0,2.5,3.0,3.0,3.0,3.0,3.0,3.0,3.0,3.0
DBAN3042,3.0,4.0,3.5,3.0,3.0,3.0,3.5,3.0,3.0,3.5,3.0
POPZ1045,3.0,4.0,3.0,2.5,3.0,3.0,3.0,3.0,3.0,3.0,3.0
TRCU1045,3.0,3.0,2.5,3.0,3.0,2.5,3.0,3.0,3.0,3.0,2.5
TRCU1144,3.5,4.0,3.5,3.5,3.5,4.0,4.0,3.5,2.5,3.0,3.0
FRUL1015,2.0,3.0,2.0,2.0,2.5,2.0,2.5,2.0,2.0,2.0,2.0
BGSU1200,2.5,1.5,3.0,2.5,2.5,2.5,3.0,2.5,3.0,3.0,3.0
BGSU1189,3.0,3.0,2.5,2.5,2.5,2.0,3.5,3.0,3.0,3.0,3.0
NOBE1011,3.0,4.0,3.0,3.0,3.0,3.0,3.0,3.0,3.0,3.5,3.5
BGSU1291,3.0,3.0,4.0,2.5,3.0,2.5,3.0,2.5,2.0,3.0,3.0
DBAN3047,3.5,4.0,4.0,3.5,3.5,3.5,3.5,3.0,3.5,4.0,4.0
BGSU1173,3.5,4.0,3.0,3.5,3.0,3.0,4.0,3.5,3.0,3.0,3.5
FRUB1017,3.5,4.0,3.0,2.5,3.0,3.5,4.0,3.5,3.5,4.0,4.0
DBAN3032,2.0,2.5,2.0,2.0,2.0,2.5,3.0,2.5,3.0,3.5,3.0
DBAN3011,2.5,2.5,2.5,2.5,3.0,3.0,3.0,2.5,3.0,3.0,3.0
FIJY1043,2.5,3.0,2.5,2.5,2.5,3.0,3.0,3.0,3.0,3.0,3.5
FRUB1009,2.5,4.0,3.5,2.5,3.5,3.0,3.0,2.5,3.0,3.0,3.5
DBAN3050,3.0,3.5,3.0,3.0,3.0,3.0,3.0,3.0,3.0,3.0,3.0
SPM04023,3.0,3.0,3.5,3.0,3.0,2.5,2.5,3.0,3.5,3.0,3.0
NOUO2047,3.5,4.0,4.0,3.0,3.0,3.5,3.0,3.0,3.0,3.0,3.5
DBAN2031,2.0,3.0,3.0,2.0,2.5,2.5,2.5,2.0,2.5,2.5,2.5
CZPR2044,2.5,3.5,3.5,3.0,2.5,2.0,3.0,2.0,2.0,2.5,2.5
FRUC3060,3.0,3.5,3.0,3.0,3.0,3.0,3.0,3.0,3.5,3.0,3.5
SPM04004,3.0,3.5,4.0,3.0,3.0,3.0,2.5,2.5,3.5,2.0,2.5
NOUO2023,3.0,3.0,1.5,2.5,3.0,3.0,2.5,3.0,3.5,3.0,4.0
RUMO2022,3.5,3.5,4.0,3.5,3.0,3.0,3.5,3.5,3.0,3.5,3.5
CNUK1179,2.0,2.5,2.0,2.0,2.5,2.0,2.5,3.0,2.5,2.5,2.5
CNUK1057,2.5,4.0,3.0,2.5,3.0,2.5,3.0,2.0,3.0,3.0,2.5
CNUK1033,2.5,3.0,3.0,2.5,3.0,3.0,3.5,3.0,3.0,2.5,2.5
CNUK1073,3.0,4.0,4.0,3.0,3.0,3.0,3.5,3.0,2.5,2.5,2.5
CNUK1123,3.0,3.0,2.5,2.5,2.5,2.5,3.0,3.0,3.0,3.0,3.0
CNUK1055,3.5,4.0,3.5,3.0,3.0,3.5,3.5,3.0,3.0,3.5,3.0
BGSU1014,2.5,3.0,2.0,2.0,3.0,2.0,3.0,2.5,3.0,3.5,3.0
BGSU1152,3.0,3.0,3.5,2.0,3.0,2.5,3.0,3.0,3.0,3.0,3.0
BGSU1073,3.0,2.0,2.0,2.0,2.5,2.5,3.0,3.0,3.5,3.0,3.0
BGSU1039,3.0,3.0,3.0,2.5,3.0,3.0,3.0,2.5,3.0,3.0,3.0
BGSU1045,3.5,4.0,4.0,3.0,3.0,3.5,3.5,3.5,3.5,3.5,3.0
BGSU1110,3.5,4.0,3.5,3.0,3.0,3.0,3.5,3.0,3.0,4.0,3.5
NOUO1048,1.5,2.0,1.5,1.0,1.0,2.0,2.0,2.0,2.0,2.0,2.0
DBAN3020,2.5,3.5,4.0,2.5,2.5,2.5,2.0,2.0,2.5,2.5,2.5
DBAN3046,3.0,3.0,2.0,3.0,3.0,3.0,3.0,3.0,2.5,3.5,3.5
NOBE1020,3.0,4.0,4.0,3.0,3.0,3.0,3.0,3.0,3.0,3.0,3.0
SWUL1005,2.0,3.0,3.5,2.5,2.5,3.0,3.0,2.0,3.0,2.5,3.0
DBAN2058,2.0,2.5,3.0,1.5,2.0,2.5,2.0,2.5,2.5,3.0,3.0
CZPR2014,2.5,3.0,3.0,3.0,3.0,1.0,3.0,2.5,2.0,3.0,2.5
ITRS2018,2.5,3.5,3.0,3.0,3.5,2.0,3.0,3.0,3.5,3.0,2.0
BGSU1066,2.5,3.0,2.0,2.5,2.0,2.5,2.0,2.0,2.5,3.0,2.0
BGSU1057,2.5,3.0,3.0,2.0,3.0,2.5,3.0,3.0,3.0,3.0,3.0
CZPR3049,2.5,3.0,4.0,3.0,3.0,2.0,3.0,2.0,3.0,3.0,2.0
BGSU1270,2.5,3.5,3.5,2.5,2.5,3.5,3.0,3.0,3.0,3.0,3.0
SWUL4001,2.5,3.5,3.0,2.5,2.5,3.0,3.0,3.0,3.0,3.0,3.0
CZPR2023,2.5,4.0,3.5,2.5,3.0,1.0,2.0,2.5,3.0,3.0,2.5
BGSU1138,2.5,3.5,3.0,2.5,2.5,2.5,3.0,3.0,3.0,3.0,2.5
FRUB2026,2.5,3.0,2.5,2.5,3.0,2.5,3.0,3.0,3.0,3.5,3.0
DBAN2051,3.0,3.5,3.5,2.5,3.0,2.0,3.0,2.5,3.0,2.5,3.0
BGSU1237,3.0,3.5,3.0,3.0,3.0,3.0,4.0,4.0,2.5,3.5,3.5
BGSU1003,3.0,3.5,2.0,3.0,3.0,2.5,3.0,2.5,2.5,3.0,3.5
NOUO1031,3.0,3.5,3.0,2.5,2.5,3.0,3.0,3.0,3.0,2.5,3.0
RUMO4012,3.0,4.0,4.0,2.5,3.0,3.0,3.0,3.0,3.5,3.5,3.0
BGSU1092,3.0,4.0,3.0,3.0,3.0,2.5,3.0,3.0,3.0,3.0,2.5
DBAN2057,3.0,3.0,2.0,3.0,3.0,2.5,3.0,3.0,3.0,3.0,3.0
RUMO6002,3.0,4.0,4.0,3.0,3.5,3.0,3.0,2.5,3.0,2.5,2.5
SWUL4027,3.0,4.0,3.5,3.5,3.0,3.5,4.0,3.0,3.0,3.0,3.0
BGSU1123,3.0,4.0,4.0,3.0,2.5,2.5,3.5,3.0,3.5,3.5,3.0
SWUL5010,3.0,3.0,3.0,2.5,2.5,3.0,3.0,2.5,3.0,3.0,3.0
SWUL3027,3.5,4.0,4.0,3.5,3.0,3.0,3.5,3.5,3.5,3.5,3.5
SWUL2002,3.5,3.5,4.0,3.0,3.5,3.0,3.0,2.5,3.0,3.0,3.0
FRUL1022,3.5,3.5,4.0,3.0,3.0,3.0,3.5,3.0,3.0,3.0,3.0
RUMO6003,3.5,4.0,4.0,3.0,3.5,3.0,4.0,4.0,3.5,4.0,3.5
RUMO4026,3.5,4.0,4.0,3.5,3.5,3.5,3.5,3.5,3.5,4.0,3.5
NOUO2003,3.5,3.0,4.0,3.5,3.0,3.5,3.0,3.0,3.0,4.0,4.0
POPZ1015,3.5,4.0,4.0,3.0,3.5,3.5,3.5,3.0,3.5,3.5,3.5
NOUO1027,4.0,4.0,3.0,3.5,3.5,3.5,4.0,3.5,3.5,4.0,3.5
TSNO1490,2.0,3.0,4.0,1.5,2.5,2.5,2.5,3.0,3.0,2.5,2.0
TRCU1072,2.5,3.0,3.5,2.5,3.0,2.5,3.0,3.0,3.0,3.0,3.0
TSNO1482,2.5,3.0,2.5,2.5,2.5,3.0,3.0,3.0,2.5,3.0,2.0
TRCU1147,2.5,3.5,4.0,3.5,3.5,3.0,3.5,3.0,3.5,2.5,2.5
TRCU1060,2.5,3.0,3.5,2.5,3.0,3.0,2.5,2.5,2.0,2.0,2.0
CNUK1004,2.5,3.0,2.5,2.5,3.0,2.5,3.0,3.0,3.0,2.5,2.5
TRCU1128,2.5,4.0,3.0,3.0,3.0,3.0,2.0,3.0,2.5,2.5,2.5
RUMO5013,3.0,3.0,4.0,2.5,2.5,2.5,3.0,3.0,3.0,3.0,3.0
NOHO1013,3.0,4.0,4.0,3.0,3.0,3.0,3.0,3.0,3.0,2.5,3.0
CNUK1072,3.0,3.0,2.5,2.5,2.5,2.5,3.5,2.5,3.0,2.5,2.5
CNUK1005,3.0,4.0,3.0,3.0,3.0,3.5,3.5,3.0,3.0,3.0,3.0
SPM03036,3.0,3.0,2.0,3.0,3.0,3.0,3.0,2.5,3.0,3.0,3.0
FRUL2011,3.5,3.0,2.5,3.0,3.0,2.5,3.0,2.5,3.5,3.0,3.0
ITVE3003,3.5,4.0,3.5,3.5,3.0,3.5,3.5,3.5,3.5,3.5,3.0
FRUL1013,3.5,3.0,3.0,2.0,3.0,3.0,2.5,3.0,3.0,3.0,3.5
TSNO1145,2.0,2.5,2.0,2.5,2.0,2.5,2.0,2.5,2.5,2.5,2.0
RUMO2006,2.5,3.0,2.5,2.5,2.5,2.5,2.5,2.5,3.0,3.0,3.0
TSNO1161,2.5,4.0,3.5,3.0,3.0,3.0,3.0,2.5,3.0,2.5,2.0
DBAN1011,3.0,3.0,3.0,2.5,3.0,3.0,3.0,3.5,3.0,3.0,3.0
TSNO1064,3.0,4.0,4.0,3.0,3.0,3.0,3.5,2.5,3.5,3.0,3.5
RUMO1014,3.0,3.0,3.0,2.5,2.5,2.0,3.0,3.0,3.0,3.0,3.0
FRUL1035,3.0,4.0,4.0,3.0,2.5,2.5,3.0,2.5,3.0,3.0,3.0
FRUC3081,3.5,3.5,3.5,3.0,3.0,3.0,3.0,3.0,3.5,3.5,3.0
TSNO1513,3.5,4.0,3.5,3.5,3.0,3.5,4.0,2.5,3.0,3.0,3.0
FIJO1038,3.5,3.5,3.5,3.0,3.0,3.0,3.0,3.0,3.0,3.0,3.0
CZPR2013,2.0,3.0,3.5,2.5,2.5,1.5,3.0,2.5,3.0,2.5,3.0
SWUV3008,2.5,3.0,2.5,2.5,3.0,2.5,3.0,3.0,3.0,3.0,3.0
TRCU1108,2.5,4.0,4.0,2.0,2.5,3.0,2.5,3.0,2.5,3.0,3.0
TRCU1056,2.5,3.0,2.5,2.5,2.5,2.5,3.0,2.5,2.5,2.5,2.0
SPM01013,3.0,4.0,3.0,3.0,3.0,3.0,3.0,3.0,3.5,4.0,3.5
SPM04047,3.0,3.5,4.0,3.0,3.0,3.0,3.0,2.5,2.5,2.5,2.5
RUMO5023,3.0,4.0,3.5,2.5,3.0,2.0,3.5,3.5,3.5,3.5,3.5
DBAN2005,3.5,3.5,4.0,3.0,3.0,3.0,3.5,3.0,2.5,3.0,3.0
NOUO1041,2.5,3.0,3.5,2.0,3.5,2.5,3.5,2.0,3.5,3.5,3.5
POPZ1008,2.5,3.0,2.0,2.0,3.0,2.0,3.0,2.5,3.0,3.0,3.0
BGSU1251,3.0,3.5,3.0,3.0,3.0,3.0,3.0,2.5,3.0,3.0,2.5
DBAN3038,3.0,4.0,3.5,3.5,3.0,3.5,3.5,3.0,3.0,3.5,3.5
DBAN2030,3.0,4.0,3.0,3.0,3.5,3.0,3.0,3.0,2.5,3.0,3.0
DBAN1031,3.5,4.0,3.0,3.5,3.5,4.0,3.5,3.0,3.0,3.0,3.5
RUMO2003,3.5,3.5,3.0,3.0,3.5,3.0,3.0,3.0,4.0,4.0,4.0
SPM02013,3.5,4.0,3.5,3.0,3.5,3.0,3.5,2.0,3.5,3.5,3.0
TSNO1438,2.0,2.5,2.5,2.0,2.0,2.5,2.5,3.0,2.5,2.5,2.0
NOUO2006,2.5,3.5,2.5,2.5,2.5,2.0,3.0,2.5,3.0,3.0,3.0
RUMO4017,2.5,4.0,3.5,2.5,3.0,2.5,2.5,3.0,3.0,3.0,2.5
SWUV3004,3.0,4.0,3.5,2.5,3.0,3.0,3.5,3.0,3.0,3.0,3.0
FRUC3065,3.0,3.0,3.0,3.0,3.0,3.0,3.0,3.5,2.5,3.0,3.0
SPM01005,3.5,3.5,4.0,3.0,3.0,2.5,2.5,2.5,3.5,3.5,3.0
FIJY1053,2.0,2.5,3.0,2.0,2.0,2.5,3.0,2.0,3.0,3.0,2.5
FIJY1017,2.5,4.0,3.5,2.5,2.5,2.0,2.5,3.0,3.0,3.0,3.0
DBAN2043,3.0,4.0,3.0,3.0,3.0,3.0,3.0,3.0,3.0,3.0,3.0
FRUB1021,3.0,4.0,3.5,3.0,3.5,3.5,3.0,3.0,3.5,3.0,3.0
DBAN3040,3.0,3.0,3.0,3.0,3.0,3.5,3.5,3.5,3.0,3.5,3.5
FIHE1012,3.5,4.0,3.0,3.5,3.5,3.0,3.0,3.5,4.0,4.0,3.5
CNUK1147,2.0,4.0,4.0,2.5,2.0,3.0,2.0,2.5,1.5,2.5,2.0
CNUK1097,2.5,3.5,2.0,2.5,3.0,3.0,2.5,3.0,2.5,2.5,2.0
CNUK1120,2.5,4.0,4.0,2.5,3.0,2.5,3.0,2.0,3.0,4.0,2.5
CNUK4018,3.0,4.0,3.0,2.5,3.0,3.0,3.0,3.0,3.0,2.5,2.5
CNUK1176,3.0,4.0,3.0,2.5,3.0,3.5,3.5,3.0,3.0,3.0,3.0
CNUK1124,3.5,4.0,4.0,3.5,3.5,4.0,3.5,3.5,3.0,3.5,3.0
BGSU1026,2.5,1.5,2.0,2.0,2.5,3.0,3.0,2.5,3.0,3.0,2.0
BGSU1071,3.0,4.0,3.5,3.0,3.5,3.0,3.5,3.0,3.0,3.0,3.0
BGSU1080,3.0,3.5,3.0,2.5,3.0,3.0,3.0,3.0,3.0,3.5,3.0
BGSU1058,3.0,2.5,3.5,2.5,3.0,3.0,3.5,3.0,3.0,3.0,3.0
BGSU1257,3.5,3.5,3.5,3.0,3.0,3.0,3.5,3.0,3.0,3.0,3.5
BGSU1030,3.5,4.0,3.5,3.5,3.5,3.5,4.0,4.0,3.5,4.0,3.0
NOHO1027,2.0,3.0,3.5,2.5,2.0,2.0,2.5,2.5,2.5,3.0,2.0
DBAN2054,2.5,3.0,3.0,3.0,3.5,3.0,3.0,3.0,3.5,3.0,3.0
FIAB1053,3.0,4.0,4.0,3.0,3.5,3.0,4.0,3.0,3.0,3.0,3.0
NOAC1005,3.0,4.0,2.5,3.0,3.5,3.0,3.0,3.0,3.0,3.0,3.0
RUMO6014,2.0,2.0,2.5,1.5,2.0,2.5,2.5,2.5,3.0,3.0,3.0
DBAN2023,2.0,3.0,2.0,2.5,3.5,3.0,2.5,3.0,2.5,2.5,3.0
BGSU1157,2.5,2.5,3.5,3.0,2.5,3.0,2.5,3.0,3.0,3.5,3.0
FRUC3074,2.5,3.0,3.0,2.0,2.0,2.0,3.0,2.5,3.0,2.5,3.0
BGSU1062,2.5,3.0,3.0,2.5,2.5,2.5,2.5,2.0,3.0,3.0,3.0
SPM02003,2.5,3.0,2.0,2.5,2.5,2.0,3.0,3.0,3.0,3.0,2.5
BGSU1232,2.5,3.0,3.0,2.5,2.5,3.0,3.5,3.0,3.0,3.0,3.0
DBAN2024,2.5,2.5,2.5,2.0,2.5,1.5,2.5,2.5,3.0,2.5,3.0
TSNO1493,2.5,2.5,2.0,3.0,3.0,2.5,3.0,2.5,2.5,2.5,2.5
FRUC3088,2.5,3.5,3.5,2.5,3.0,2.0,3.0,2.5,3.0,3.0,2.5
FRUB1028,2.5,2.0,1.5,2.0,2.5,1.5,2.5,3.0,3.0,2.5,3.0
FRUL1029,2.5,2.0,2.0,2.0,3.5,3.0,3.0,2.5,3.0,3.0,3.0
NOHB1001,3.0,4.0,2.5,3.0,3.0,3.0,3.0,3.0,3.5,3.0,3.5
ITRS1012,3.0,4.0,3.5,3.0,2.5,2.5,3.0,3.0,3.5,3.5,3.5
FRUL1033,3.0,3.5,4.0,3.0,3.0,3.0,2.5,3.0,3.0,3.0,3.0
DBAN3024,3.0,3.5,2.5,2.5,3.0,2.5,3.0,3.0,3.0,3.0,2.5
BGSU1031,3.0,4.0,3.5,3.0,3.5,3.0,4.0,4.0,4.0,4.0,4.0
DBAN2036,3.0,3.0,3.5,3.0,3.0,3.5,3.5,3.5,3.0,3.5,3.5
ITRS2003,3.0,3.5,3.5,3.0,3.0,3.0,3.5,3.0,3.0,3.5,3.0
DBAN2002,3.0,3.0,3.0,3.0,3.0,2.5,2.5,3.0,3.0,3.0,2.5
SPM04029,3.0,4.0,3.5,3.5,3.0,2.5,3.5,3.0,3.0,3.5,3.0
DBAN3031,3.0,4.0,3.0,2.5,3.0,3.0,3.0,3.0,3.0,3.0,3.0
NOUO1073,3.0,3.5,3.5,3.0,3.0,3.0,3.0,3.0,3.0,3.0,3.0
DBAN3037,3.5,4.0,4.0,2.5,3.0,3.5,3.5,3.0,3.5,3.0,3.0
FRUB2011,3.5,3.0,4.0,3.5,3.5,3.5,3.5,3.5,4.0,4.0,3.5
FIJY1016,3.5,4.0,3.0,3.0,3.0,3.0,3.0,2.5,3.0,3.5,3.0
DBAN1021,3.5,4.0,3.5,3.0,3.0,3.5,3.0,3.0,3.0,3.5,3.5
BGSU1119,3.5,4.0,4.0,3.0,3.0,3.0,3.0,2.5,3.5,3.5,3.5
SWUL5002,3.5,4.0,4.0,3.0,3.0,3.0,3.5,3.0,3.0,3.0,3.0
SWUL4016,3.5,4.0,3.5,3.5,3.5,3.0,3.0,2.5,2.5,3.0,2.5
RUMO3005,4.0,4.0,4.0,3.0,3.5,3.0,3.5,3.0,3.5,3.5,3.0
CNUK1183,2.0,3.0,2.5,2.0,2.0,2.5,2.0,2.5,2.5,2.0,1.5
RUMO2009,2.5,2.5,2.0,2.5,2.5,3.0,3.0,3.0,3.0,3.0,2.5
NOUO1083,2.5,4.0,3.0,2.5,2.5,3.0,3.0,3.0,3.0,3.0,3.0
ITTO5003,2.5,4.0,3.5,3.0,3.0,3.0,3.0,3.0,3.0,3.0,3.0
SPM10006,2.5,3.5,3.0,2.0,2.0,2.0,3.0,3.0,3.0,2.5,3.0
TRME3030,2.5,4.0,4.0,2.0,2.0,2.0,2.5,2.5,2.0,2.0,2.5
CNUK1114,2.5,4.0,3.0,3.0,2.5,3.0,3.5,3.0,3.0,2.5,2.5
NOUO1072,3.0,4.0,3.5,3.0,3.0,3.0,3.0,3.0,3.0,3.0,3.0
CNUK1129,3.0,4.0,3.5,2.5,3.0,3.0,3.0,2.5,3.0,3.5,2.5
CNUK1139,3.0,3.0,3.0,3.0,3.5,2.5,3.0,3.5,3.0,3.5,2.5
CNUK1056,3.0,4.0,2.5,2.5,3.0,3.5,3.0,3.5,3.5,3.0,3.0
TRME3015,3.0,4.0,4.0,3.5,3.0,3.0,2.5,3.0,2.0,2.5,2.0
TRME3013,3.5,4.0,3.5,2.5,3.5,3.5,4.0,3.5,3.0,3.5,3.0
FRUB1022,3.5,4.0,3.5,3.0,3.0,3.0,3.0,3.5,3.5,4.0,4.0
DBAN1017,3.5,3.0,2.5,3.0,3.0,3.5,4.0,3.5,3.5,3.0,3.0
RUMO7035,2.0,2.0,3.0,2.0,2.5,2.5,2.5,3.0,3.0,3.0,3.0
NOHO1033,2.5,2.5,3.0,2.5,3.0,3.0,3.0,2.5,3.5,3.0,3.5
TSNO1332,2.5,4.0,4.0,3.0,3.0,3.0,2.5,2.5,2.0,2.5,2.0
FRUC3076,3.0,3.5,2.5,3.0,2.5,3.0,3.0,3.0,3.0,3.0,2.5
DBAN2052,3.0,3.0,2.5,2.0,3.0,3.0,3.0,2.5,3.0,2.5,2.5
DBAN1006,3.0,4.0,4.0,3.0,3.0,3.0,3.0,3.0,3.0,3.0,3.0
TSNO1006,3.0,4.0,4.0,3.5,3.5,3.5,3.5,2.5,2.5,3.0,2.5
RUMO2002,3.5,3.5,3.5,3.0,3.0,3.0,3.5,3.0,3.0,4.0,3.5
TSNO1403,3.5,4.0,4.0,3.5,4.0,3.0,4.0,3.5,3.5,3.5,4.0
TSKC1374,3.5,3.5,3.0,3.0,2.5,3.0,3.5,3.0,3.5,3.0,3.0
TRCU1107,2.5,3.5,4.0,2.5,2.5,2.0,2.5,2.0,2.5,2.5,2.0
TRCU1053,2.5,3.0,2.0,2.0,2.0,3.0,2.0,2.5,3.0,2.5,2.0
FIJY1070,2.5,3.5,2.5,2.5,2.5,3.0,3.0,3.0,3.0,3.0,3.0
FRUL1009,3.0,2.5,2.5,2.0,3.0,3.0,2.5,3.0,2.5,3.0,3.0
ITTO5006,3.0,4.0,3.5,3.0,3.0,3.0,3.5,3.0,3.0,3.0,3.0
CZPU1012,3.0,3.5,4.0,2.5,3.0,2.0,3.0,2.5,2.5,3.0,2.5
TRCU1057,3.0,3.0,3.0,3.0,3.0,3.0,3.5,3.0,3.0,3.0,3.0
CZPR3023,3.5,3.5,3.5,3.5,3.5,3.5,4.0,3.0,3.0,3.5,3.5
BGSU1244,2.5,3.0,2.5,2.5,3.0,3.0,2.5,3.0,3.0,3.0,2.0
BGSU1263,3.0,4.0,3.0,3.0,2.5,2.5,2.5,2.5,3.5,3.0,3.0
NOUO1046,3.0,3.0,2.0,2.5,3.0,3.0,3.0,2.5,3.0,3.0,3.0
BGSU1265,3.0,4.0,3.5,3.0,3.0,3.5,3.5,3.5,2.0,2.5,3.0
POPZ1011,3.5,4.0,4.0,2.5,3.0,3.0,2.5,3.0,3.5,3.5,3.0
BGSU1174,3.5,4.0,3.5,3.5,3.5,3.5,3.5,3.0,3.5,3.0,3.5
FRUC3059,3.5,4.0,4.0,3.5,3.5,3.0,3.5,3.0,3.0,3.0,3.0
ITRS2022,3.5,4.0,3.0,3.0,3.0,3.0,3.5,3.0,3.5,3.5,3.5
DBAN3071,2.0,3.0,3.5,2.0,2.0,2.0,3.0,3.0,3.0,3.0,3.0
NOUO1094,2.5,3.0,3.0,2.0,2.5,2.5,3.0,3.0,3.0,3.5,3.5
DBAN2042,2.5,3.5,3.0,3.0,2.5,3.0,3.0,3.0,3.0,3.0,2.5
FRUC3068,3.0,4.0,4.0,3.0,3.0,3.0,3.5,3.0,3.5,3.0,3.5
RUMO4029,3.0,3.0,3.5,3.0,3.5,3.0,3.5,3.0,3.0,3.5,3.5
FIAB1005,3.5,4.0,3.5,3.5,3.5,3.0,4.0,3.0,3.0,3.0,3.5
DBAN3016,2.5,2.5,3.0,2.0,2.5,3.0,3.0,3.5,4.0,3.5,3.5
RUMO5043,2.5,3.0,3.0,3.0,3.0,2.5,3.0,3.0,3.0,3.0,3.0
FIJY1001,3.0,3.5,3.0,2.0,2.5,3.0,2.5,2.0,2.5,3.0,3.0
RUMO4019,3.0,4.0,3.0,2.5,3.0,3.0,3.0,2.5,3.0,3.0,3.0
SPM04010,3.0,4.0,3.5,3.0,3.0,2.5,3.5,3.0,3.5,3.0,2.5
DBAN2001,3.5,4.0,4.0,3.5,3.5,3.5,4.0,3.0,3.5,3.5,3.5
CNUK1103,2.0,3.0,2.0,2.5,2.5,3.0,3.0,2.5,2.5,2.0,2.0
CNUK4015,2.5,3.5,4.0,2.5,2.5,3.0,3.0,3.0,2.5,3.0,2.0
CNUK1163,2.5,2.5,3.0,2.5,3.0,2.5,2.5,2.5,2.5,2.5,2.0
CNUK1111,3.0,3.5,4.0,2.5,3.0,3.0,3.0,3.0,2.5,3.0,3.0
CNUK1107,3.0,3.5,2.5,2.5,3.0,2.5,2.5,3.0,2.0,3.0,2.5
CNUK1169,3.5,3.0,3.5,3.0,3.5,3.5,3.5,3.0,3.0,3.0,3.0
BGSU1259,2.5,3.0,3.0,2.5,2.5,2.5,2.5,2.5,2.5,2.5,2.5
BGSU1006,3.0,3.5,3.5,3.0,3.0,3.0,3.0,3.0,3.5,3.0,3.5
BGSU1004,3.0,4.0,4.0,3.0,2.5,3.0,3.0,3.0,3.0,3.5,3.0
BGSU1217,3.5,4.0,3.0,3.0,3.0,3.0,3.0,3.5,3.5,4.0,3.5
BGSU1135,3.5,3.5,3.5,3.0,3.0,3.0,3.0,3.0,3.0,3.0,3.0
NOHO1037,2.0,3.0,2.0,2.0,2.5,2.5,2.0,2.0,2.5,2.5,2.5
SPM04032,2.5,3.0,3.5,2.0,2.0,2.5,2.5,2.5,2.0,2.5,2.0
DBAN3059,3.0,2.0,2.5,3.0,3.0,3.5,3.0,3.0,3.0,3.5,3.5
NOAG1015,3.5,3.5,3.0,3.0,3.0,3.0,3.5,3.5,3.0,3.5,3.0
TSNO1492,2.0,2.5,4.0,2.0,2.0,2.0,2.0,2.0,3.0,2.5,2.5
BGSU1097,2.0,3.0,4.0,2.0,2.0,2.5,3.0,2.5,2.5,3.0,3.0
RUMO4009,2.5,3.0,2.5,2.0,3.0,2.5,2.0,3.0,3.0,2.5,3.0
SWUL3019,2.5,2.5,3.5,2.5,3.0,3.5,3.0,3.5,3.5,3.0,3.0
FRUC3091,2.5,2.5,2.5,2.5,2.5,3.0,3.5,2.5,2.5,3.0,3.0
ITRS2009,2.5,3.0,2.5,2.0,2.5,2.5,2.5,2.5,2.5,3.0,3.0
SPM07017,2.5,3.0,2.0,2.5,2.5,3.0,3.0,3.0,3.0,3.0,2.5
FRUB2029,2.5,2.5,2.0,2.0,2.0,2.0,3.0,2.5,2.5,2.5,3.0
FRUC3029,2.5,2.5,2.0,2.5,2.5,2.5,2.5,3.0,3.0,3.0,3.0
SPM01017,2.5,2.5,2.5,2.0,2.5,3.0,3.0,3.0,3.0,3.5,2.0
SWUL3017,2.5,2.5,3.0,2.5,2.5,3.0,2.5,3.0,3.0,2.5,2.5
DBAN3051,3.0,3.0,3.5,3.0,3.0,2.5,3.0,3.0,3.0,3.5,3.0
SPM04043,3.0,4.0,4.0,2.5,2.5,3.0,3.0,3.0,3.0,3.0,3.0
BGSU1165,3.0,3.0,3.0,3.0,3.0,3.0,3.0,3.0,3.0,3.0,3.0
SPM03008,3.0,3.0,3.0,2.5,2.5,3.0,3.0,3.0,3.0,3.5,3.0
CZPR2047,3.0,3.5,3.5,3.0,2.5,2.5,3.0,2.0,3.0,3.0,2.5
FRUB1003,3.0,3.0,3.0,3.0,3.0,2.5,3.0,3.0,3.5,3.0,3.5
FIJY1061,3.0,4.0,3.5,3.0,3.0,2.5,3.0,2.5,2.5,3.0,3.0
NOAG1011,3.0,3.0,4.0,3.5,3.0,3.0,3.0,3.0,3.0,3.0,3.5
SWUL2011,3.0,4.0,4.0,3.0,3.0,3.0,4.0,3.0,3.5,3.0,3.0
FRUL1010,3.0,2.0,3.5,2.5,3.0,3.0,2.5,2.5,3.5,2.5,3.0
BGSU1028,3.0,2.5,3.0,2.5,2.5,2.5,3.0,2.5,3.0,3.0,3.0
FRUB1015,3.0,4.0,3.0,3.0,3.0,3.0,3.0,3.0,3.0,3.0,3.0
BGSU1250,3.5,3.0,4.0,3.0,3.0,3.0,4.0,3.5,4.0,4.0,4.0
SWUL5004,3.5,4.0,4.0,3.5,3.0,2.5,3.0,3.0,3.0,3.0,3.0
SWUL5006,3.5,3.5,4.0,3.0,3.0,2.5,3.0,2.5,2.5,3.0,3.0
BGSU1245,3.5,4.0,4.0,3.0,3.0,3.0,3.0,3.0,3.0,3.0,3.0
POPZ1044,3.5,4.0,4.0,3.0,3.0,3.0,3.0,3.5,3.0,3.0,3.0
BGSU1086,3.5,4.0,2.5,2.5,2.5,2.0,3.0,2.5,3.0,2.5,3.0
BGSU1179,3.5,4.0,4.0,3.0,3.0,3.0,3.0,3.0,3.5,3.0,3.0
SWUL1013,4.0,4.0,4.0,3.5,3.0,3.5,3.0,3.5,3.5,3.5,3.5
TSNO1486,2.0,3.0,2.5,2.0,2.5,3.0,2.0,2.0,2.5,2.5,1.5
NOHO1004,2.5,3.5,3.5,2.5,3.0,3.0,3.5,3.0,3.0,3.0,3.0
ITRS2016,2.5,3.5,3.5,3.0,3.0,3.0,3.0,3.0,3.5,3.0,3.0
TRCU1124,2.5,4.0,2.5,2.5,2.5,2.5,2.5,3.0,2.5,2.0,2.0
FIHE1019,2.5,2.5,2.5,2.0,2.5,2.5,2.5,3.0,3.0,3.0,3.0
CNUK1102,2.5,4.0,3.0,2.5,3.0,3.0,3.0,3.5,2.5,2.5,2.5
NOUO1052,3.0,3.5,3.0,3.0,3.0,3.0,3.0,2.5,3.0,2.5,3.0
NOHO1003,3.0,3.0,3.0,2.5,3.0,2.5,3.0,3.0,3.0,3.5,3.5
TRCU1130,3.0,4.0,3.5,3.0,3.5,3.5,3.0,3.5,3.0,3.0,2.5
NOBE1013,3.0,4.0,3.5,3.0,2.5,3.0,3.0,3.0,3.0,3.0,3.0
TRME3023,3.0,4.0,3.5,3.5,3.0,3.5,3.5,3.0,2.5,2.5,2.5
TRME3001,3.0,4.0,4.0,3.0,2.5,2.5,3.0,3.0,3.0,3.0,2.5
FRUB2022,3.5,4.0,3.0,3.5,3.0,3.0,3.0,3.0,3.0,4.0,3.0
TRCU1059,3.5,3.5,4.0,3.5,3.5,4.0,4.0,3.5,3.0,3.0,3.0
TRME3018,3.5,4.0,4.0,4.0,4.0,3.5,4.0,3.5,3.0,3.0,3.0
TSNO1122,2.0,4.0,3.5,2.0,2.0,2.5,2.0,2.0,2.5,2.5,2.0
TSNO1269,2.5,2.5,2.5,3.0,3.0,2.5,2.5,2.5,2.5,2.5,2.5
RUMO7062,3.0,3.5,2.5,3.0,3.0,3.0,2.0,2.5,2.5,3.0,2.5
DBAN3049,3.0,3.5,3.5,3.0,3.0,3.0,3.0,3.0,3.0,3.0,3.0
NOUO2005,3.0,4.0,3.0,2.5,3.0,3.0,3.0,3.0,3.0,3.0,3.0
FRUL1025,3.0,3.5,3.0,2.5,3.0,3.0,3.0,3.0,3.0,3.0,3.0
TSNO1022,3.0,3.5,3.5,2.5,2.5,3.0,3.0,2.0,3.0,3.0,3.0
FRUC3075,3.5,4.0,3.0,3.0,3.0,3.0,3.5,3.5,3.5,4.0,3.5
FRUB2017,3.5,4.0,3.5,3.0,3.0,3.0,3.5,3.0,3.0,3.0,3.5
TSNO1410,3.5,3.5,3.0,3.0,3.5,3.5,4.0,3.0,3.0,3.0,3.0
TRCU1051,2.5,4.0,4.0,2.5,2.0,2.5,2.0,3.0,3.0,3.0,2.5
TRCU1050,2.5,4.0,3.0,2.5,3.0,2.5,3.0,2.5,2.5,2.5,2.5
RUMO2023,2.5,2.5,3.0,3.0,2.5,3.0,3.0,3.5,2.5,3.0,3.5
TRCU1143,3.0,3.0,3.0,2.0,3.0,3.0,3.0,2.0,2.5,2.0,2.5
DBAN2034,3.0,2.5,3.0,2.0,2.5,2.5,3.0,3.0,3.0,3.0,2.5
TRCU1043,3.0,3.5,3.5,2.5,2.5,2.5,2.5,3.0,2.5,2.5,3.0
POPZ1010,3.5,4.0,4.0,4.0,3.5,2.5,3.0,3.5,3.5,3.5,4.0
FRUB2005,3.5,4.0,3.5,3.5,3.5,3.0,3.5,3.5,3.5,4.0,4.0
SPM02007,2.5,3.0,3.0,2.0,2.5,2.5,2.5,2.5,2.5,3.0,2.5
BGSU1180,3.0,4.0,3.0,3.0,3.0,2.5,3.0,3.0,2.5,3.0,3.0
FIJY1037,3.0,3.0,3.0,2.5,2.5,3.5,3.0,2.5,3.5,3.5,3.0
NOOS1007,3.0,4.0,4.0,3.0,3.0,3.0,3.0,3.0,3.0,3.0,3.0
NOUO1087,3.5,4.0,4.0,3.5,3.5,3.5,3.0,2.5,3.0,3.0,3.5
BGSU1183,3.5,4.0,3.5,3.5,3.5,3.0,3.5,3.5,3.0,3.0,3.5
FIJY1024,3.5,4.0,3.5,3.5,4.0,4.0,3.5,3.0,3.0,3.0,3.5
BGSU1236,3.5,4.0,4.0,3.5,3.0,3.0,3.0,3.0,3.0,3.0,3.0
TSNO1448,2.0,2.0,3.0,2.0,2.5,3.0,2.5,2.0,2.0,2.5,2.0
FRUB2009,2.5,4.0,2.5,2.0,3.0,2.5,3.0,3.0,3.5,3.5,3.5
DBAN3034,2.5,3.0,3.5,2.5,2.5,3.0,3.0,2.5,3.0,3.0,3.0
ITTO6002,3.0,4.0,4.0,3.0,3.0,3.0,3.0,3.5,3.0,3.0,3.0
NOUO1042,3.0,3.0,3.5,3.0,3.0,3.0,3.0,3.0,3.0,3.0,3.0
DBAN3017,3.5,3.5,3.0,2.5,3.0,2.5,3.0,3.0,3.0,3.0,3.0
CZKR1003,2.5,3.5,2.5,2.5,2.5,2.0,3.0,2.0,2.5,2.5,2.5
SPM03004,2.5,3.0,3.5,2.5,2.5,2.5,2.5,2.5,3.0,2.0,2.5
DBAN3030,3.0,3.0,2.5,2.0,2.5,3.0,2.0,3.0,2.5,3.0,2.5
SPM04021,3.0,4.0,4.0,3.0,2.0,3.0,3.5,3.0,3.0,3.0,3.0
FRUC3070,3.5,4.0,3.5,3.0,3.0,3.0,3.5,3.0,3.5,4.0,3.5
RUMO9001,3.5,4.0,3.5,3.5,3.5,3.0,4.0,3.0,3.0,3.0,3.5
CNUK1007,2.0,2.0,2.0,2.0,2.0,2.5,3.0,3.0,2.0,2.0,2.0
CNUK2011,2.5,3.5,3.0,2.0,2.5,3.0,3.0,3.0,3.0,3.0,3.0
CNUK1082,2.5,4.0,4.0,2.5,3.0,3.0,4.0,3.5,2.0,3.0,2.5
CNUK1021,3.0,3.5,4.0,3.0,3.0,3.0,3.5,2.5,3.0,3.0,3.0
CNUK1134,3.5,4.0,4.0,3.0,3.0,3.0,3.0,3.5,3.5,3.0,2.5
CNUK1118,3.5,4.0,4.0,3.5,3.5,3.5,4.0,3.5,3.0,3.0,3.0
BGSU1081,2.5,4.0,3.0,2.5,2.5,2.5,3.0,3.0,2.5,3.0,3.0
BGSU1129,3.0,3.5,2.5,3.0,3.0,2.0,2.5,2.5,3.0,3.5,3.0
BGSU1024,3.0,3.5,3.0,2.5,3.0,3.0,3.0,3.0,3.0,3.0,3.0
BGSU1279,3.5,3.0,4.0,3.0,3.5,3.0,3.0,3.0,3.5,3.0,3.0
BGSU1022,3.5,4.0,3.0,3.0,3.5,3.0,3.5,3.5,3.5,3.5,3.5
TSKC1343,2.0,1.0,1.5,1.5,2.0,2.0,2.5,1.5,2.5,3.0,3.0
NOAC1004,2.5,2.5,3.0,2.5,3.0,3.0,2.5,2.5,2.5,3.0,2.5
FIJY1044,3.0,3.5,2.5,2.0,2.5,2.0,2.5,2.5,2.5,2.5,3.0
FIHE2001,3.5,3.5,4.0,3.0,3.0,3.5,3.0,3.5,3.0,3.5,3.0
CZPR2022,2.0,2.5,2.5,2.0,3.0,1.5,2.5,1.5,2.5,3.0,3.0
SPM04034,2.0,3.5,3.0,2.0,2.0,3.0,2.0,2.5,2.5,2.0,1.5
SPM03015,2.5,3.5,3.0,2.5,2.5,2.5,2.5,3.0,3.0,2.5,2.5
FRUB1030,2.5,2.0,3.0,3.0,2.5,2.5,3.0,3.0,3.0,3.0,3.0
BGSU1051,2.5,2.5,2.5,2.5,2.5,3.0,3.0,2.0,2.5,3.0,2.5
NOHO1042,2.5,2.5,2.5,2.5,3.0,2.5,3.0,2.5,2.5,2.5,3.0
SWUL1004,2.5,4.0,2.5,2.5,3.0,2.0,2.5,2.5,3.0,2.5,3.0
BGSU1212,2.5,3.0,3.0,2.5,3.0,2.5,3.0,2.5,2.5,2.5,3.0
SWUL3003,2.5,4.0,4.0,2.5,3.0,3.0,3.5,2.5,3.5,3.5,3.5
SWUL3008,2.5,3.5,3.5,2.0,2.5,3.0,3.0,2.5,2.5,3.0,3.0
FRUB1023,2.5,4.0,3.0,2.5,2.5,2.5,3.0,2.5,3.0,3.0,3.0
SPM01018,3.0,3.0,3.5,3.0,3.0,3.0,3.0,3.0,3.0,3.0,3.0
FRUC3087,3.0,3.0,3.0,2.5,2.5,2.5,3.0,3.0,3.0,3.0,3.0
BGSU1124,3.0,4.0,3.5,3.0,3.0,3.5,3.0,3.5,3.0,3.5,3.0
SWUL4018,3.0,3.5,3.5,3.0,3.0,3.0,3.0,2.5,3.0,3.0,3.0
SPM03032,3.0,4.0,2.5,2.5,2.0,3.0,2.5,2.5,2.5,2.5,2.5
CZPR2057,3.0,3.0,2.5,2.5,3.0,2.5,3.0,2.5,2.5,3.0,3.0
BGSU1009,3.0,4.0,4.0,3.0,3.0,3.0,3.5,3.0,4.0,3.5,3.5
ITRS2023,3.0,4.0,3.0,3.0,2.5,2.0,3.0,3.0,3.5,3.5,3.0
BGSU1177,3.0,4.0,3.0,3.0,3.0,3.0,3.0,3.0,3.5,3.0,3.0
BGSU1100,3.0,3.5,4.0,3.0,3.0,3.0,3.0,3.5,4.0,3.5,2.5
BGSU1096,3.0,3.5,4.0,3.0,3.0,3.0,3.5,2.5,3.0,3.5,3.5
RUMO5028,3.5,4.0,3.0,3.0,3.0,3.0,3.0,3.0,3.0,3.0,3.0
DBAN3005,3.5,4.0,4.0,3.0,3.0,3.5,3.5,3.0,3.5,3.0,3.0
DBAN3013,3.5,4.0,3.0,2.5,3.0,3.0,3.0,3.0,3.0,3.5,3.0
SWUL3026,3.5,4.0,3.0,3.0,3.5,3.0,4.0,3.5,3.0,3.0,4.0
FIHE1008,3.5,3.5,4.0,3.0,3.5,3.5,3.5,3.0,3.5,4.0,3.0
FRUC3073,3.5,4.0,4.0,3.0,3.5,3.0,3.0,3.0,3.0,3.5,3.5
BGSU1216,3.5,4.0,4.0,3.0,3.0,3.0,3.0,3.5,3.0,3.5,3.0
RUMO4025,3.5,4.0,4.0,3.5,3.5,3.5,3.0,3.0,3.0,3.5,3.0
BGSU1280,4.0,4.0,4.0,3.5,3.5,3.5,4.0,3.0,4.0,4.0,3.5
TSNO1479,2.0,3.5,2.5,1.5,2.0,2.0,2.5,2.0,2.5,2.0,1.5
TRCU1172,2.5,4.0,3.5,2.0,2.5,2.5,3.0,2.0,3.0,3.0,2.5
SPM01012,2.5,4.0,2.5,3.0,3.0,3.0,3.0,2.5,2.5,3.0,2.5
TRCU1062,2.5,4.0,3.0,2.0,2.5,3.0,3.5,2.5,3.0,2.5,3.0
FRUL1021,2.5,4.0,2.0,2.0,2.5,3.0,3.0,3.0,3.0,3.0,2.5
TRME3008,2.5,4.0,3.0,3.0,2.5,2.5,2.0,2.5,2.5,2.5,2.0
FRUC3092,3.0,3.0,2.5,3.0,3.0,3.0,3.0,3.0,3.5,2.5,3.0
CNUK1170,3.0,4.0,3.0,3.0,3.0,3.0,2.5,2.0,2.0,2.0,2.0
NOAC1015,3.0,3.5,3.5,3.0,3.5,3.5,3.5,2.5,3.0,2.5,2.5
CNUK1125,3.0,3.5,4.0,2.0,3.0,3.0,3.0,2.5,3.0,3.0,2.5
TSNO1455,3.0,4.0,4.0,3.5,3.0,3.0,3.5,3.0,3.0,2.5,2.5
RUMO1020,3.0,3.0,3.0,2.5,3.0,3.0,3.0,3.0,3.0,3.0,3.0
FRUB2002,3.5,4.0,3.5,3.5,3.0,3.5,3.5,3.0,3.0,3.0,3.5
TRME3019,3.5,3.5,3.5,3.0,3.5,3.5,4.0,3.5,3.5,4.0,3.5
RUMO5040,3.5,2.5,2.5,2.0,3.0,2.5,3.0,3.0,2.5,3.0,2.0
TSNO1090,2.5,3.0,3.0,2.5,3.0,3.0,3.0,2.5,2.5,2.5,2.5
SPM05016,2.5,3.0,2.5,2.5,2.5,2.5,3.0,2.5,2.5,3.0,2.5
RUMO4028,3.0,4.0,4.0,2.0,2.5,3.0,3.5,3.5,3.5,4.0,3.5
DBAN2022,3.0,3.0,3.0,2.5,3.0,3.5,3.0,3.0,3.0,3.0,3.5
DBAN3070,3.0,4.0,3.0,3.0,3.0,3.5,3.5,3.0,3.5,3.5,3.5
DBAN3006,3.0,3.5,3.0,3.0,3.0,2.5,3.0,3.0,3.0,3.0,3.0
FIHE1026,3.0,3.0,4.0,2.5,3.0,3.5,3.5,3.0,3.0,3.5,3.5
DBAN3054,3.5,3.5,3.0,3.0,3.0,3.0,3.0,3.0,3.0,3.5,3.0
FRUL2024,3.5,4.0,4.0,3.0,3.5,3.0,3.0,3.5,4.0,4.0,4.0
FIAB1011,4.0,4.0,4.0,3.5,3.0,3.5,3.5,3.5,3.5,3.5,3.5
TRCU1055,2.5,2.5,2.0,2.5,2.5,2.0,2.5,2.5,2.5,2.5,2.0
CZPR2030,2.5,3.0,2.5,2.5,2.5,3.0,3.0,2.5,3.0,3.0,3.0
TRCU1054,2.5,3.5,3.0,2.5,2.5,2.5,3.0,2.5,2.0,3.0,2.5
TRCU1042,3.0,3.5,2.5,3.0,3.5,3.0,3.5,3.5,3.0,3.0,2.5
TRCU1046,3.0,4.0,3.5,2.5,2.5,3.0,3.0,3.0,3.5,3.0,3.0
RUMO6006,3.0,3.0,2.0,2.0,2.5,2.0,2.0,2.5,2.5,3.0,2.5
TRCU1047,3.5,4.0,4.0,2.0,2.5,2.5,3.5,3.5,2.5,3.0,2.5
TRCU1041,3.5,3.5,3.5,3.0,2.5,3.5,3.5,3.5,3.0,3.0,3.0
SPM05008,2.5,3.0,3.0,2.5,3.0,2.5,3.0,2.5,3.0,2.5,2.5
BGSU1299,3.0,4.0,4.0,2.5,2.0,2.5,3.0,2.0,2.5,3.0,3.5
FIJY1062,3.0,3.5,2.5,3.0,3.0,3.5,3.0,2.5,3.0,3.0,2.5
FRUB2014,3.0,4.0,3.0,3.5,4.0,3.0,3.0,3.0,3.5,3.5,3.0
FIJY1041,3.5,3.0,3.5,3.5,3.0,3.0,3.0,2.0,3.5,3.5,3.0
NOUO1053,3.5,3.5,3.0,3.0,3.5,3.5,3.5,3.0,3.0,3.5,3.0
POPZ1007,3.5,4.0,4.0,3.5,4.0,4.0,4.0,3.0,4.0,3.5,3.5
FRUL1018,4.0,4.0,3.5,3.5,4.0,4.0,4.0,3.5,3.5,4.0,4.0
CZKR1007,2.0,2.5,2.5,2.0,2.5,2.5,2.5,2.5,3.0,2.5,2.5
NOAG1013,2.5,4.0,3.0,3.0,3.0,2.5,2.5,2.5,3.0,3.0,2.0
NOHO1044,2.5,3.5,3.5,2.5,3.0,2.0,3.0,2.5,3.5,3.0,3.5
FRUL2028,3.0,3.0,3.0,3.0,3.0,3.0,3.0,3.0,3.0,3.0,3.0
NOUO1025,3.0,4.0,3.5,3.0,3.0,3.0,3.5,3.0,3.0,2.5,3.0
NOOS1022,3.5,3.5,3.5,3.0,3.5,2.5,3.0,3.0,3.0,3.0,3.0
NOUO1086,2.5,4.0,3.5,2.0,3.0,3.0,3.0,3.0,3.0,2.5,3.0
SPM07006,2.5,3.0,3.0,3.0,2.5,2.5,3.0,3.0,3.0,3.0,3.0
NOUO1033,3.0,4.0,3.5,3.0,3.0,2.5,3.0,2.0,3.0,3.0,3.0
RUMO5036,3.0,3.5,4.0,3.0,3.0,3.0,3.0,2.5,3.5,4.0,3.5
RUMO5004,3.5,3.5,4.0,3.5,3.0,3.0,4.0,3.0,3.0,3.0,3.5
NOUO1043,3.5,4.0,3.0,3.0,3.0,3.0,3.0,3.0,3.0,3.0,3.0
CNUK4033,2.0,3.0,2.0,1.5,2.0,2.5,2.0,2.0,3.0,2.0,2.0
CNUK1122,2.5,3.0,2.0,2.0,2.5,2.0,3.0,3.0,2.5,2.5,2.5
CNUK3066,2.5,3.0,3.0,2.5,3.0,3.0,2.5,2.5,3.0,2.5,2.5
CNUK1143,3.0,4.0,4.0,3.0,3.0,3.0,2.5,3.0,2.5,3.0,2.5
CNUK1062,3.5,4.0,4.0,3.0,3.5,3.0,4.0,3.0,3.5,3.0,3.0
CNUK4007,3.5,4.0,2.5,2.5,3.5,3.0,3.5,3.0,3.0,3.0,3.0
BGSU1145,2.5,2.5,2.5,2.5,2.5,2.5,2.5,3.0,3.0,3.0,3.0
BGSU1052,3.0,4.0,2.5,2.5,3.0,3.0,4.0,3.0,3.5,4.0,3.5
BGSU1268,3.0,3.5,3.5,3.0,3.0,2.5,3.0,2.5,3.0,3.5,2.5
BGSU1077,3.5,4.0,4.0,3.0,3.0,3.0,3.5,2.5,3.5,4.0,4.0
BGSU1091,3.5,4.0,4.0,3.5,3.5,3.0,4.0,2.5,3.5,4.0,3.5
TSKC1345,2.0,3.0,2.5,2.5,2.5,2.0,2.5,2.0,2.0,2.0,2.5
TSKC1349,2.5,2.5,2.5,3.0,2.5,3.0,3.5,2.0,2.5,3.0,3.0
FIJY1026,3.0,3.0,3.5,2.5,3.0,2.5,3.0,3.0,3.0,3.0,3.0
NOUO1075,3.5,4.0,4.0,3.0,2.5,3.5,4.0,3.5,3.5,3.0,4.0
BGSU1290,2.0,2.5,2.5,2.0,2.5,2.0,2.0,2.5,2.5,3.0,3.0
CZPR2031,2.0,3.0,2.5,2.0,2.5,1.5,2.5,2.0,2.0,3.0,2.5
CZPR2005,2.5,3.0,2.5,2.0,2.5,2.0,2.5,2.5,3.0,2.5,3.0
BGSU1296,2.5,2.5,2.0,2.0,2.0,2.5,2.0,2.5,2.5,2.5,2.5
NOHO1032,2.5,3.0,3.5,3.0,2.5,3.0,3.0,3.0,2.5,3.0,3.5
FRUC3052,2.5,3.0,3.0,2.5,2.5,2.5,3.5,3.0,3.5,3.0,3.0
DBAN3055,2.5,3.0,2.0,3.0,3.0,2.5,3.0,2.5,2.5,3.0,3.5
BGSU1294,2.5,3.5,2.0,2.5,2.0,3.0,2.5,3.0,3.0,3.5,2.5
FIJY1080,2.5,2.0,2.0,2.0,2.0,2.0,2.0,2.0,2.5,2.5,3.0
BGSU1241,2.5,2.5,2.0,2.0,2.0,2.0,2.5,2.0,2.5,2.5,2.5
RUMO6008,2.5,4.0,3.5,2.5,3.0,3.0,3.0,3.0,2.5,3.0,3.0
SWUL4026,3.0,4.0,4.0,3.0,3.0,3.5,3.0,3.0,3.0,3.5,3.0
BGSU1229,3.0,1.0,4.0,3.0,3.0,3.5,4.0,3.5,3.0,3.5,3.5
SWUL4017,3.0,3.5,3.5,3.0,3.0,3.0,3.0,2.5,2.5,4.0,3.5
NOBE1002,3.0,3.5,3.0,3.0,3.0,2.5,3.0,3.0,3.5,3.0,3.5
FRUC3094,3.0,3.5,3.0,3.0,3.0,3.0,3.0,3.5,3.0,3.0,3.0
SWUL3022,3.0,3.5,3.0,2.5,3.0,2.5,3.0,2.5,2.5,3.0,3.0
SPM01007,3.0,2.5,3.0,2.5,3.0,2.5,2.5,2.5,2.5,2.5,2.5
BGSU1017,3.0,3.0,2.5,2.5,3.0,3.0,3.0,2.5,3.0,3.0,3.0
BGSU1140,3.0,3.0,3.0,3.0,3.0,2.5,3.0,3.0,3.0,3.0,3.5
FRUL1023,3.0,3.0,3.0,3.0,3.0,3.0,3.0,3.0,3.0,2.5,3.0
RUMO2014,3.0,4.0,3.0,3.0,3.5,3.0,3.0,3.5,3.5,3.5,3.5
FRUC3067,3.5,4.0,3.5,3.0,3.0,3.5,3.0,3.5,3.0,3.0,2.5
BGSU1262,3.5,4.0,4.0,2.5,3.0,3.5,4.0,2.5,3.0,3.0,3.0
NOAC1011,3.5,4.0,4.0,3.5,3.0,3.0,3.5,3.0,3.0,3.0,3.5
SWUL3007,3.5,4.0,4.0,3.0,3.0,3.0,3.0,3.0,3.0,3.0,3.0
POPZ1001,3.5,4.0,4.0,3.0,3.0,3.5,3.0,3.0,3.5,3.5,3.5
BGSU1087,3.5,4.0,4.0,3.5,3.5,3.5,4.0,3.5,3.5,3.5,4.0
FIAB3005,3.5,4.0,4.0,3.0,3.0,3.0,3.0,3.0,3.0,3.5,3.0
SPM03009,3.5,4.0,4.0,3.5,3.5,3.0,3.5,3.0,3.5,3.5,3.5
BGSU1044,4.0,4.0,4.0,4.0,4.0,3.5,4.0,3.0,3.5,4.0,3.5
CNUK1171,2.0,2.5,2.0,2.0,2.5,2.0,2.5,2.5,2.5,2.5,2.0
TRCU1070,2.5,4.0,3.0,3.0,3.0,3.0,2.5,3.0,2.5,2.5,2.0
TRME3028,2.5,3.0,3.5,2.5,2.5,1.5,2.5,2.0,2.5,3.0,3.0
ITTO5008,3.0,3.0,3.0,3.0,3.0,3.5,3.0,2.5,3.0,3.0,3.0
TRME3011,3.0,3.0,2.5,3.0,3.0,3.5,3.0,2.5,2.5,2.5,2.0
TRME3007,3.0,4.0,2.5,2.5,2.5,2.5,2.5,3.0,2.5,2.0,2.5
TRME3027,3.5,3.0,3.5,2.5,3.5,3.0,3.5,3.0,3.5,3.0,3.5
NOBE1004,3.5,4.0,4.0,3.0,3.5,3.5,3.5,3.5,3.0,3.0,3.5
CNUK4020,3.5,4.0,4.0,3.0,3.0,4.0,4.0,4.0,3.5,3.0,3.5
FIHE1022,3.5,4.0,4.0,4.0,4.0,3.5,4.0,3.5,3.5,3.5,3.5
TRME3026,3.5,4.0,3.5,2.5,2.5,3.0,2.5,3.0,2.5,2.5,3.0
ITRS2002,3.5,4.0,4.0,3.0,2.5,3.0,3.0,3.0,3.0,3.0,3.0
CNUK1028,3.5,4.0,3.0,2.5,3.5,3.5,4.0,3.5,3.0,3.5,3.5
TRME3012,3.5,4.0,4.0,3.5,3.5,2.5,3.5,3.0,3.0,3.0,3.5
TSNO1102,2.5,4.0,4.0,2.0,3.0,3.0,2.0,2.5,2.5,3.0,2.5
RUMO2011,2.5,3.0,3.0,2.5,2.5,2.5,2.5,2.5,3.0,3.0,3.0
SPM05011,3.0,3.5,3.5,2.5,3.0,3.5,3.0,3.0,3.0,3.5,3.0
FRUL2023,3.0,3.5,3.0,3.0,3.0,3.0,3.5,3.0,3.0,4.0,3.5
NOHO1034,3.0,3.5,3.0,3.0,3.5,3.0,3.0,3.0,3.0,3.0,3.0
FRUB1024,3.0,4.0,4.0,3.0,3.0,3.5,3.0,3.0,3.0,3.0,3.0
TSNO1416,3.5,4.0,4.0,3.0,3.5,3.5,4.0,3.5,3.5,4.0,3.5
NOUO2024,3.5,4.0,3.0,3.0,3.0,3.0,3.5,2.5,3.0,3.0,3.0
TSNO1398,3.5,3.0,4.0,3.5,3.0,3.5,4.0,3.0,3.5,4.0,3.5
DBAN2049,4.0,4.0,4.0,3.5,3.5,3.5,3.5,3.0,3.5,4.0,3.5
RUMO7061,2.5,3.0,4.0,2.5,3.0,2.5,2.5,2.5,3.0,2.5,2.5
TRCU1044,2.5,4.0,3.0,2.5,2.5,3.0,3.0,2.5,3.0,2.5,2.0
RUMO9010,2.5,4.0,2.5,2.5,3.0,2.5,2.0,3.0,2.0,3.0,3.0
SPM03037,3.0,3.5,4.0,3.0,3.0,3.0,3.0,3.0,2.5,3.0,2.5
RUMO7001,3.0,3.5,3.5,2.5,3.0,3.0,3.0,3.0,3.5,3.0,3.5
SPM03042,3.0,3.0,3.0,3.0,3.0,3.0,3.0,2.5,3.5,3.0,2.5
RUMO5034,3.5,3.5,3.5,3.0,3.0,3.0,3.0,3.0,3.0,3.0,3.0
FIJY1055,3.5,4.0,4.0,4.0,3.5,3.5,2.0,3.0,3.0,3.0,3.0
ITRS1005,2.5,4.0,2.5,3.0,2.5,3.0,3.0,2.0,3.0,3.0,2.5
SPM04042,3.0,4.0,4.0,3.5,3.5,3.0,3.0,2.5,3.0,3.0,2.0
FRUB2019,3.0,3.5,4.0,3.0,3.0,3.5,3.5,3.0,3.0,3.5,3.0
POPZ1043,3.0,3.5,4.0,3.5,3.0,2.0,3.5,2.5,2.5,3.0,3.0
DBAN3028,3.5,4.0,4.0,4.0,3.5,3.5,4.0,3.0,3.5,3.5,3.5
SPM10002,3.5,3.5,3.5,3.5,3.5,3.5,3.5,3.0,3.0,3.0,3.0
SPM01006,3.5,4.0,3.5,3.0,3.5,3.0,3.0,3.5,3.0,3.5,3.5
FIHE1024,4.0,4.0,4.0,4.0,3.5,4.0,4.0,3.5,3.5,3.5,3.5
TSNO1428,2.0,3.0,2.5,1.5,2.5,3.0,1.5,2.0,2.5,2.5,2.0
SPM02011,2.5,3.5,3.0,2.5,3.0,2.5,2.5,3.0,3.0,3.0,3.0
RUMO9012,2.5,4.0,3.0,2.5,3.0,2.0,2.5,2.0,3.0,3.5,3.0
CZPU1011,3.0,2.5,2.0,3.0,3.0,3.0,3.0,3.0,3.0,3.5,3.0
DBAN1034,3.0,4.0,3.5,3.0,3.0,3.0,3.0,3.0,3.5,4.0,3.5
ITRS2020,3.5,4.0,3.5,3.0,3.0,3.0,3.5,3.5,3.5,3.5,3.5
FIHE1025,2.5,3.5,3.0,2.5,2.5,2.5,3.0,3.0,3.0,3.0,3.0
FIJY1002,2.5,3.0,3.0,2.5,2.0,2.5,3.0,2.5,2.0,3.0,3.0
FIJY1069,3.0,4.0,3.0,2.5,3.0,3.0,3.0,3.0,3.0,3.0,3.0
DBAN1014,3.0,4.0,4.0,3.0,3.0,3.0,3.5,3.0,3.0,3.5,3.5
SPM04026,3.5,4.0,4.0,3.5,4.0,3.5,4.0,3.0,3.0,4.0,3.5
FRUC3097,3.5,4.0,3.5,3.5,3.0,3.5,3.5,3.5,3.5,3.0,3.5
CNUK1151,2.0,2.5,2.0,2.0,2.0,2.5,2.0,2.0,2.5,2.0,2.0
CNUK1185,3.0,4.0,4.0,4.0,3.0,3.5,3.0,3.0,3.0,3.0,2.5
CNUK1018,3.5,3.5,3.0,3.0,3.0,3.0,3.5,3.0,3.0,3.0,3.0
CNUK4025,3.5,4.0,4.0,3.0,3.0,3.5,4.0,3.0,3.5,3.0,3.5
CNUK1141,3.5,3.5,3.0,3.5,3.5,3.0,3.0,3.5,3.0,3.0,3.0
BGSU1139,2.5,2.5,3.0,2.5,3.0,3.0,3.0,3.0,2.0,3.0,3.0
BGSU1083,3.0,2.5,2.0,3.0,3.0,3.0,3.5,3.0,3.0,3.5,3.5
BGSU1067,3.5,3.5,3.5,3.0,3.0,3.0,3.5,3.0,3.5,3.0,3.0
BGSU1105,3.5,3.5,3.0,3.0,3.5,3.5,4.0,3.0,3.5,3.5,3.0
BGSU1035,3.5,4.0,4.0,3.0,3.5,3.0,3.5,3.0,3.0,3.0,3.0
NOAG1004,2.0,2.0,2.5,2.5,3.0,2.5,3.0,3.0,3.0,3.0,3.0
SPM03052,2.5,3.0,2.5,2.0,2.0,2.5,2.0,2.5,3.0,2.0,2.0
FIJY1042,3.0,4.0,2.5,3.0,3.5,3.0,3.0,3.0,2.5,2.5,2.5
FRUC3054,3.5,3.0,3.0,2.0,3.0,2.5,3.0,2.5,3.0,3.0,3.0
NOOS1041,2.0,3.0,4.0,2.5,2.5,2.5,3.0,3.0,3.5,3.0,3.0
CZPR3010,2.0,2.5,1.5,2.0,2.0,2.0,2.0,2.0,2.5,2.5,2.5
TSNO1431,2.5,2.0,2.0,3.0,3.0,3.5,2.5,2.0,3.0,3.0,2.0
RUMO2012,2.5,3.0,3.0,2.5,3.0,3.0,3.0,3.0,3.0,3.0,3.0
CZKR1004,2.5,3.0,3.5,3.0,2.5,3.0,3.0,3.0,2.5,3.5,3.0
SPM03023,2.5,3.0,3.0,2.0,2.5,2.5,2.5,3.0,3.0,3.0,2.5
BGSU1101,2.5,4.0,2.5,2.5,2.0,2.5,3.0,2.5,2.5,2.5,2.5
CZPR4005,2.5,4.0,3.0,3.0,2.5,3.0,2.5,3.0,3.5,3.0,3.0
TRCU1049,2.5,3.0,3.0,2.5,2.0,2.5,2.0,2.0,2.0,2.0,2.0
NOUO1096,2.5,2.5,4.0,2.0,2.0,1.5,3.5,2.0,3.0,3.0,3.0
SWUL6003,2.5,2.5,3.0,2.5,3.0,3.0,3.0,2.5,2.5,2.5,3.0
BGSU1136,2.5,3.5,2.5,2.0,2.5,2.5,3.0,2.0,3.5,3.5,3.0
CNUK4016,2.5,4.0,3.0,2.5,2.5,3.5,3.0,3.5,2.0,2.5,2.5
CZKR1009,2.5,3.0,2.5,2.0,2.0,2.5,3.0,2.5,3.0,2.5,2.0
CZPR2017,2.5,4.0,4.0,3.0,3.0,2.0,3.0,2.5,2.5,2.5,2.5
TRCU1071,2.5,3.0,3.0,2.5,3.0,2.0,2.5,2.0,2.5,2.5,2.5
CNUK4011,2.5,4.0,3.0,2.0,2.5,3.5,3.0,3.5,3.0,2.5,2.5
RUMO5033,2.5,4.0,3.0,3.0,2.5,3.0,3.0,3.0,3.5,3.5,3.0
TRCU1125,2.5,2.5,1.5,2.5,3.0,3.0,2.5,3.0,3.0,2.5,3.0
BGSU1187,2.5,4.0,3.0,2.5,3.0,3.0,3.0,3.5,2.5,2.5,3.0
TSNO1445,2.5,3.0,4.0,2.0,2.5,3.0,3.0,2.5,3.0,2.5,2.5
ITRS2032,2.5,4.0,3.5,3.0,2.5,2.5,3.0,2.5,3.5,3.5,3.0
SPM04015,2.5,3.0,2.5,2.0,2.5,2.0,2.5,3.0,3.5,3.0,2.5
RUMO2007,2.5,3.0,3.0,2.5,2.0,2.5,2.5,2.0,2.5,3.0,3.0
CZKR1005,2.5,2.5,2.0,2.5,2.5,2.5,3.0,2.5,2.5,2.5,2.5
FRUB1004,3.0,3.0,3.0,3.0,3.0,3.0,3.0,3.0,3.0,4.0,3.0
DBAN3035,3.0,4.0,2.0,4.0,3.0,3.5,4.0,3.0,3.0,3.0,3.0
NOHO1040,3.0,3.5,3.5,3.0,3.0,3.0,3.5,3.0,3.5,3.0,3.0
BGSU1302,3.0,4.0,3.5,3.0,3.0,3.0,3.5,3.0,3.0,3.0,3.5
RUMO4018,3.0,4.0,3.0,3.0,3.0,3.5,4.0,3.0,3.0,3.0,3.0
SPM02008,3.0,3.5,3.0,3.0,3.0,2.5,2.5,3.0,3.0,2.5,3.0
CNUK4022,3.0,4.0,3.0,3.0,3.0,3.0,3.5,3.0,2.5,2.5,3.0
NOAC1017,3.0,3.5,3.0,3.0,3.0,3.0,3.5,2.5,2.5,3.0,3.0
DBAN3068,3.0,3.5,4.0,2.5,3.0,3.0,3.0,2.5,3.0,3.0,3.0
ITRS2034,3.0,4.0,3.0,2.5,3.0,3.0,3.0,2.5,3.5,3.0,3.0
DBAN3021,3.0,4.0,4.0,3.0,3.0,3.5,3.5,3.0,3.0,3.0,3.0
BGSU1041,3.0,3.5,2.0,2.5,2.5,2.5,3.0,3.0,3.0,3.0,3.0
BGSU1106,3.0,3.0,3.0,2.5,2.5,3.0,3.0,3.0,3.0,3.0,3.0
SPM01016,3.0,4.0,4.0,3.5,3.0,3.0,3.5,3.0,3.5,3.5,3.5
FRUC3048,3.0,4.0,3.5,3.0,3.0,3.0,3.0,3.0,3.0,3.0,3.0
DBAN3057,3.0,3.0,3.0,2.5,3.0,2.5,3.0,2.0,3.0,3.0,3.5
RUMO2013,3.0,3.5,3.5,3.0,3.0,3.0,3.0,3.0,3.0,3.0,2.5
BGSU1266,3.0,3.5,3.0,3.0,3.0,3.0,3.0,3.0,2.5,3.0,3.0
RUMO3012,3.0,3.0,3.5,3.0,3.0,2.5,3.0,3.0,3.0,3.5,2.5
SWUL4003,3.0,3.0,3.0,2.5,3.0,2.5,3.0,2.5,2.5,2.5,2.5
FIJY1065,3.0,3.0,3.0,2.5,3.0,3.0,3.0,3.0,3.0,3.0,3.0
ITRS2035,3.0,4.0,3.0,2.5,2.5,2.5,3.0,3.0,3.5,3.0,3.5
TRCU1068,3.0,4.0,2.5,3.0,3.0,3.0,3.5,3.0,3.0,2.5,3.0
FRUL2021,3.0,3.0,2.5,2.5,2.5,2.0,3.0,3.0,3.0,2.5,3.0
BGSU1076,3.0,3.5,2.5,3.0,3.0,3.0,3.0,3.0,3.0,3.0,3.0
ITRS2007,3.0,3.5,3.5,3.0,3.0,2.5,3.5,2.5,3.5,3.0,3.5
CZPR3053,3.0,4.0,4.0,3.0,3.0,3.0,3.5,2.5,3.5,3.0,3.0
ITTO5007,3.0,3.5,4.0,3.0,3.0,3.0,3.0,2.5,3.0,3.0,3.0
BGSU1104,3.0,4.0,4.0,3.0,3.0,3.0,3.5,3.5,3.5,3.5,3.5
SPM02004,3.0,3.5,3.0,2.0,3.5,2.5,2.0,2.0,2.5,2.5,2.0
RUMO5024,3.0,2.5,2.0,2.5,3.0,3.0,3.0,2.0,2.0,3.0,3.0
SPM10009,3.0,3.0,3.0,2.5,2.5,3.0,3.5,3.0,3.0,3.0,2.5
BGSU1114,3.5,4.0,3.5,3.0,3.5,3.0,3.5,3.5,3.5,3.5,3.5
BGSU1040,3.5,3.5,3.5,3.0,3.0,3.0,3.0,3.5,3.0,3.0,3.0
BGSU1282,3.5,3.5,4.0,3.0,3.0,3.0,3.5,3.0,3.5,4.0,3.5
TRME3029,3.5,4.0,4.0,3.0,3.0,3.5,3.5,3.5,3.0,3.0,3.5
BGSU1267,3.5,3.0,3.0,3.0,3.0,3.0,3.0,3.0,3.0,3.0,3.0
BGSU1184,3.5,3.0,2.0,2.5,3.0,2.5,3.5,3.5,3.0,3.0,3.0
CNUK1003,3.5,4.0,4.0,3.5,3.0,3.5,3.5,3.0,3.0,3.0,3.0
NOBE1018,3.5,4.0,3.5,3.5,3.0,3.0,3.5,3.0,3.5,3.0,3.0
ITTO5004,3.5,3.5,3.0,3.0,3.0,3.0,3.5,3.5,3.5,3.0,3.0
FIJY1028,3.5,4.0,4.0,4.0,3.5,4.0,3.0,3.0,2.5,3.0,3.5
NOHO1022,3.5,4.0,4.0,3.0,3.0,3.0,3.5,3.0,3.5,3.0,3.0
TRME3021,3.5,4.0,4.0,3.0,3.0,3.5,3.5,3.5,3.0,3.0,3.0
FRUC3093,3.5,4.0,3.5,3.0,3.0,3.0,3.5,3.0,3.5,3.5,3.5
BGSU1243,3.5,3.5,4.0,3.0,3.5,3.5,3.5,3.0,3.5,3.0,3.5
ITTO5002,3.5,4.0,3.0,3.5,3.5,2.5,3.0,3.5,3.0,3.0,3.0
FRUL2002,3.5,4.0,3.5,3.5,3.0,3.0,3.0,3.0,3.5,3.0,3.5
ITTO5005,3.5,4.0,3.5,3.0,3.0,3.0,4.0,4.0,3.5,3.5,3.5
NOUO2007,3.5,4.0,3.0,3.5,3.0,3.0,3.5,3.0,3.0,3.0,3.5
FRUB2006,3.5,4.0,3.0,3.0,3.0,3.0,3.5,3.5,3.5,3.5,3.5
BGSU1150,3.5,3.5,3.5,3.0,3.5,3.5,4.0,3.0,3.5,4.0,3.5
POPZ1004,3.5,4.0,4.0,3.5,3.5,3.5,4.0,3.0,3.5,4.0,3.5
RUMO5012,3.5,4.0,4.0,3.0,3.0,3.0,3.0,3.0,3.0,3.0,3.0
FRUC3089,3.5,3.0,3.5,3.0,3.0,3.5,3.0,3.5,3.5,3.5,3.5
BGSU1074,3.5,4.0,4.0,3.5,4.0,3.5,4.0,2.5,3.5,4.0,4.0
DBAN1005,3.5,4.0,4.0,3.0,3.0,3.0,4.0,4.0,3.5,3.5,3.5
CNUK1126,3.5,4.0,3.0,3.0,3.5,3.0,3.5,4.0,3.5,3.5,3.5
ITTO6005,3.5,3.5,3.5,3.0,3.0,3.5,3.5,3.0,3.5,3.0,3.5
BGSU1059,3.5,4.0,4.0,3.5,3.5,3.5,3.5,3.5,3.5,4.0,3.5
NOUO1078,3.5,4.0,4.0,3.5,3.0,3.0,3.0,3.0,3.0,3.0,3.0
CNUK4028,3.5,4.0,3.5,3.0,3.0,3.5,3.5,3.5,3.0,3.0,3.0
NOHO1023,3.5,4.0,4.0,4.0,4.0,3.5,4.0,3.0,3.0,3.0,3.0
CNUK1119,3.5,3.0,3.0,2.5,3.0,3.0,3.0,3.0,3.0,3.0,3.0
RUMO4021,4.0,4.0,4.0,3.0,3.0,3.0,3.0,3.5,3.0,3.0,3.5
SPM04031,4.0,4.0,4.0,3.5,3.5,3.5,3.0,3.0,3.5,3.0,3.0
BGSU1088,4.0,3.5,3.0,3.5,3.5,3.0,3.5,3.5,3.0,3.5,3.0
FIHE1028,4.0,3.5,3.5,3.0,3.0,3.0,4.0,3.0,3.0,3.0,4.0
POPZ1003,4.0,4.0,4.0,4.0,4.0,3.5,3.0,3.0,4.0,4.0,4.0
FRUB2027,4.0,4.0,4.0,4.0,3.5,4.0,4.0,3.0,3.5,4.0,4.0
DBAN1024,4.0,4.0,4.0,4.0,4.0,3.0,3.5,3.5,4.0,3.5,4.0